Dominio,Categoría,URL Final (Slug),H1 Título,Meta Descripción,Moneda,País,Aeropuerto,Historia Local
http://dinastiabulldogfluffy.com,venta,bulldog-frances-fluffy-bogota,Bulldog Francés Fluffy en Bogotá,"Venta de cachorros Bulldog Francés Fluffy en Bogotá. Criadero especializado con pelaje largo (gen L4/L1), pedigree de pureza y garantía de salud.",USD,Colombia,Aeropuerto Internacional El Dorado (BOG),"El Bulldog Francés Fluffy ha conquistado los corazones de las familias en Bogotá, Colombia. Esta codiciada variante destaca por su pelaje abundante y sedoso, resultado de la exclusiva genética de pelo largo (gen L4/L1), así como por su carácter profundamente cariñoso, dócil y leal. Gracias a su tamaño compacto y temperamento equilibrado, posee una adaptabilidad perfecta tanto a la vida en apartamento como al clima de Bogotá. Cada cachorro viaja bajo estrictos protocolos de bienestar animal garantizando su llegada segura a través del Aeropuerto Internacional El Dorado (BOG). Para tu absoluta tranquilidad, entregamos a tu nuevo integrante con su esquema completo de vacunas al día, desparasitación y su certificado genético con pedigree que acredita su pureza de raza."
http://dinastiabulldogfluffy.com,venta,bulldog-frances-fluffy-medellin,Bulldog Francés Fluffy en Medellín,"Encuentra cachorros Bulldog Francés Fluffy en Medellín. Ejemplares puros de lujo con pelo sedoso (gen L4/L1), pedigree oficial y envíos seguros.",USD,Colombia,Aeropuerto Internacional José María Córdova (MDE),"Darle la bienvenida a un Bulldog Francés Fluffy en Medellín es una experiencia de verdadero lujo para cualquier hogar en Colombia. Con su deslumbrante pelaje abundante y sedoso derivado de la portación del gen L4/L1 y un carácter dócil, juguetón y cariñoso, esta maravillosa raza se convierte en el compañero fiel ideal. Su excelente adaptabilidad a la convivencia en apartamento y su fácil climatización en Medellín aseguran su máximo confort diario. Nuestro protocolo VIP garantiza un envío coordinado y su llegada segura a través del Aeropuerto Internacional José María Córdova (MDE), entregando cada ejemplar con su certificado genético de pureza de sangre, pedigree oficial y todas sus vacunas al día."
http://dinastiabulldogfluffy.com,venta,bulldog-frances-fluffy-cali,Bulldog Francés Fluffy en Cali,"Venta de cachorros Bulldog Francés Fluffy en Cali. Criadero especializado con pelaje largo (gen L4/L1), pedigree de pureza y garantía de salud.",USD,Colombia,Aeropuerto Internacional Alfonso Bonilla Aragón (CLO),"Para quienes buscan la máxima distinción y ternura en Cali, Colombia, el Bulldog Francés Fluffy es el compañero soñado. Su singular manto de pelaje abundante y sedoso, respaldado genéticamente por la variante del gen L4/L1, combinado con su temperamento dócil, amigable y sumamente cariñoso, enamora desde el primer instante. Su extraordinaria adaptabilidad a espacios urbanos como apartamentos y a la atmósfera de Cali garantiza una convivencia llena de armonía. Organizamos un traslado de primera clase con llegada segura al Aeropuerto Internacional Alfonso Bonilla Aragón (CLO), respaldando la salud de tu mascota con esquema de vacunas al día, desparasitación completa y su certificado genético junto a su pedigree de pureza."
http://dinastiabulldogfluffy.com,venta,bulldog-frances-fluffy-barranquilla,Bulldog Francés Fluffy en Barranquilla,"Encuentra cachorros Bulldog Francés Fluffy en Barranquilla. Ejemplares puros de lujo con pelo sedoso (gen L4/L1), pedigree oficial y envíos seguros.",USD,Colombia,Aeropuerto Internacional Ernesto Cortissoz (BAQ),"El Bulldog Francés Fluffy ha conquistado los corazones de las familias en Barranquilla, Colombia. Esta codiciada variante destaca por su pelaje abundante y sedoso, resultado de la exclusiva genética de pelo largo (gen L4/L1), así como por su carácter profundamente cariñoso, dócil y leal. Gracias a su tamaño compacto y temperamento equilibrado, posee una adaptabilidad perfecta tanto a la vida en apartamento como al clima de Barranquilla. Cada cachorro viaja bajo estrictos protocolos de bienestar animal garantizando su llegada segura a través del Aeropuerto Internacional Ernesto Cortissoz (BAQ). Para tu absoluta tranquilidad, entregamos a tu nuevo integrante con su esquema completo de vacunas al día, desparasitación y su certificado genético con pedigree que acredita su pureza de raza."
http://dinastiabulldogfluffy.com,venta,bulldog-frances-fluffy-cartagena,Bulldog Francés Fluffy en Cartagena,"Venta de cachorros Bulldog Francés Fluffy en Cartagena. Criadero especializado con pelaje largo (gen L4/L1), pedigree de pureza y garantía de salud.",USD,Colombia,Aeropuerto Internacional Rafael Núñez (CTG),"Darle la bienvenida a un Bulldog Francés Fluffy en Cartagena es una experiencia de verdadero lujo para cualquier hogar en Colombia. Con su deslumbrante pelaje abundante y sedoso derivado de la portación del gen L4/L1 y un carácter dócil, juguetón y cariñoso, esta maravillosa raza se convierte en el compañero fiel ideal. Su excelente adaptabilidad a la convivencia en apartamento y su fácil climatización en Cartagena aseguran su máximo confort diario. Nuestro protocolo VIP garantiza un envío coordinado y su llegada segura a través del Aeropuerto Internacional Rafael Núñez (CTG), entregando cada ejemplar con su certificado genético de pureza de sangre, pedigree oficial y todas sus vacunas al día."
http://dinastiabulldogfluffy.com,venta,bulldog-frances-fluffy-cdmx,Bulldog Francés Fluffy en CDMX,"Encuentra cachorros Bulldog Francés Fluffy en CDMX. Ejemplares puros de lujo con pelo sedoso (gen L4/L1), pedigree oficial y envíos seguros.",MXN,México,Aeropuerto Internacional Benito Juárez (MEX),"Para quienes buscan la máxima distinción y ternura en CDMX, México, el Bulldog Francés Fluffy es el compañero soñado. Su singular manto de pelaje abundante y sedoso, respaldado genéticamente por la variante del gen L4/L1, combinado con su temperamento dócil, amigable y sumamente cariñoso, enamora desde el primer instante. Su extraordinaria adaptabilidad a espacios urbanos como apartamentos y a la atmósfera de CDMX garantiza una convivencia llena de armonía. Organizamos un traslado de primera clase con llegada segura al Aeropuerto Internacional Benito Juárez (MEX), respaldando la salud de tu mascota con esquema de vacunas al día, desparasitación completa y su certificado genético junto a su pedigree de pureza."
http://dinastiabulldogfluffy.com,venta,bulldog-frances-fluffy-guadalajara,Bulldog Francés Fluffy en Guadalajara,"Venta de cachorros Bulldog Francés Fluffy en Guadalajara. Criadero especializado con pelaje largo (gen L4/L1), pedigree de pureza y garantía de salud.",MXN,México,Aeropuerto Internacional de Guadalajara (GDL),"El Bulldog Francés Fluffy ha conquistado los corazones de las familias en Guadalajara, México. Esta codiciada variante destaca por su pelaje abundante y sedoso, resultado de la exclusiva genética de pelo largo (gen L4/L1), así como por su carácter profundamente cariñoso, dócil y leal. Gracias a su tamaño compacto y temperamento equilibrado, posee una adaptabilidad perfecta tanto a la vida en apartamento como al clima de Guadalajara. Cada cachorro viaja bajo estrictos protocolos de bienestar animal garantizando su llegada segura a través del Aeropuerto Internacional de Guadalajara (GDL). Para tu absoluta tranquilidad, entregamos a tu nuevo integrante con su esquema completo de vacunas al día, desparasitación y su certificado genético con pedigree que acredita su pureza de raza."
http://dinastiabulldogfluffy.com,venta,bulldog-frances-fluffy-monterrey,Bulldog Francés Fluffy en Monterrey,"Encuentra cachorros Bulldog Francés Fluffy en Monterrey. Ejemplares puros de lujo con pelo sedoso (gen L4/L1), pedigree oficial y envíos seguros.",MXN,México,Aeropuerto Internacional de Monterrey (MTY),"Darle la bienvenida a un Bulldog Francés Fluffy en Monterrey es una experiencia de verdadero lujo para cualquier hogar en México. Con su deslumbrante pelaje abundante y sedoso derivado de la portación del gen L4/L1 y un carácter dócil, juguetón y cariñoso, esta maravillosa raza se convierte en el compañero fiel ideal. Su excelente adaptabilidad a la convivencia en apartamento y su fácil climatización en Monterrey aseguran su máximo confort diario. Nuestro protocolo VIP garantiza un envío coordinado y su llegada segura a través del Aeropuerto Internacional de Monterrey (MTY), entregando cada ejemplar con su certificado genético de pureza de sangre, pedigree oficial y todas sus vacunas al día."
http://dinastiabulldogfluffy.com,venta,bulldog-frances-fluffy-puebla,Bulldog Francés Fluffy en Puebla,"Venta de cachorros Bulldog Francés Fluffy en Puebla. Criadero especializado con pelaje largo (gen L4/L1), pedigree de pureza y garantía de salud.",MXN,México,Aeropuerto Internacional de Puebla (PBC),"Para quienes buscan la máxima distinción y ternura en Puebla, México, el Bulldog Francés Fluffy es el compañero soñado. Su singular manto de pelaje abundante y sedoso, respaldado genéticamente por la variante del gen L4/L1, combinado con su temperamento dócil, amigable y sumamente cariñoso, enamora desde el primer instante. Su extraordinaria adaptabilidad a espacios urbanos como apartamentos y a la atmósfera de Puebla garantiza una convivencia llena de armonía. Organizamos un traslado de primera clase con llegada segura al Aeropuerto Internacional de Puebla (PBC), respaldando la salud de tu mascota con esquema de vacunas al día, desparasitación completa y su certificado genético junto a su pedigree de pureza."
http://dinastiabulldogfluffy.com,venta,bulldog-frances-fluffy-toluca,Bulldog Francés Fluffy en Toluca,"Encuentra cachorros Bulldog Francés Fluffy en Toluca. Ejemplares puros de lujo con pelo sedoso (gen L4/L1), pedigree oficial y envíos seguros.",MXN,México,Aeropuerto Internacional de Toluca (TLC),"El Bulldog Francés Fluffy ha conquistado los corazones de las familias en Toluca, México. Esta codiciada variante destaca por su pelaje abundante y sedoso, resultado de la exclusiva genética de pelo largo (gen L4/L1), así como por su carácter profundamente cariñoso, dócil y leal. Gracias a su tamaño compacto y temperamento equilibrado, posee una adaptabilidad perfecta tanto a la vida en apartamento como al clima de Toluca. Cada cachorro viaja bajo estrictos protocolos de bienestar animal garantizando su llegada segura a través del Aeropuerto Internacional de Toluca (TLC). Para tu absoluta tranquilidad, entregamos a tu nuevo integrante con su esquema completo de vacunas al día, desparasitación y su certificado genético con pedigree que acredita su pureza de raza."
http://dinastiabulldogfluffy.com,venta,bulldog-frances-fluffy-tijuana,Bulldog Francés Fluffy en Tijuana,"Venta de cachorros Bulldog Francés Fluffy en Tijuana. Criadero especializado con pelaje largo (gen L4/L1), pedigree de pureza y garantía de salud.",MXN,México,Aeropuerto Internacional de Tijuana (TIJ),"Darle la bienvenida a un Bulldog Francés Fluffy en Tijuana es una experiencia de verdadero lujo para cualquier hogar en México. Con su deslumbrante pelaje abundante y sedoso derivado de la portación del gen L4/L1 y un carácter dócil, juguetón y cariñoso, esta maravillosa raza se convierte en el compañero fiel ideal. Su excelente adaptabilidad a la convivencia en apartamento y su fácil climatización en Tijuana aseguran su máximo confort diario. Nuestro protocolo VIP garantiza un envío coordinado y su llegada segura a través del Aeropuerto Internacional de Tijuana (TIJ), entregando cada ejemplar con su certificado genético de pureza de sangre, pedigree oficial y todas sus vacunas al día."
http://dinastiabulldogfluffy.com,venta,bulldog-frances-fluffy-leon,Bulldog Francés Fluffy en León,"Encuentra cachorros Bulldog Francés Fluffy en León. Ejemplares puros de lujo con pelo sedoso (gen L4/L1), pedigree oficial y envíos seguros.",MXN,México,Aeropuerto Internacional del Bajío (BJX),"Para quienes buscan la máxima distinción y ternura en León, México, el Bulldog Francés Fluffy es el compañero soñado. Su singular manto de pelaje abundante y sedoso, respaldado genéticamente por la variante del gen L4/L1, combinado con su temperamento dócil, amigable y sumamente cariñoso, enamora desde el primer instante. Su extraordinaria adaptabilidad a espacios urbanos como apartamentos y a la atmósfera de León garantiza una convivencia llena de armonía. Organizamos un traslado de primera clase con llegada segura al Aeropuerto Internacional del Bajío (BJX), respaldando la salud de tu mascota con esquema de vacunas al día, desparasitación completa y su certificado genético junto a su pedigree de pureza."
http://dinastiabulldogfluffy.com,venta,bulldog-frances-fluffy-ciudad-juarez,Bulldog Francés Fluffy en Ciudad Juárez,"Venta de cachorros Bulldog Francés Fluffy en Ciudad Juárez. Criadero especializado con pelaje largo (gen L4/L1), pedigree de pureza y garantía de salud.",MXN,México,Aeropuerto Internacional Abraham González (CJS),"El Bulldog Francés Fluffy ha conquistado los corazones de las familias en Ciudad Juárez, México. Esta codiciada variante destaca por su pelaje abundante y sedoso, resultado de la exclusiva genética de pelo largo (gen L4/L1), así como por su carácter profundamente cariñoso, dócil y leal. Gracias a su tamaño compacto y temperamento equilibrado, posee una adaptabilidad perfecta tanto a la vida en apartamento como al clima de Ciudad Juárez. Cada cachorro viaja bajo estrictos protocolos de bienestar animal garantizando su llegada segura a través del Aeropuerto Internacional Abraham González (CJS). Para tu absoluta tranquilidad, entregamos a tu nuevo integrante con su esquema completo de vacunas al día, desparasitación y su certificado genético con pedigree que acredita su pureza de raza."
http://dinastiabulldogfluffy.com,venta,bulldog-frances-fluffy-torreon,Bulldog Francés Fluffy en Torreón,"Encuentra cachorros Bulldog Francés Fluffy en Torreón. Ejemplares puros de lujo con pelo sedoso (gen L4/L1), pedigree oficial y envíos seguros.",MXN,México,Aeropuerto Internacional de Torreón (TRC),"Darle la bienvenida a un Bulldog Francés Fluffy en Torreón es una experiencia de verdadero lujo para cualquier hogar en México. Con su deslumbrante pelaje abundante y sedoso derivado de la portación del gen L4/L1 y un carácter dócil, juguetón y cariñoso, esta maravillosa raza se convierte en el compañero fiel ideal. Su excelente adaptabilidad a la convivencia en apartamento y su fácil climatización en Torreón aseguran su máximo confort diario. Nuestro protocolo VIP garantiza un envío coordinado y su llegada segura a través del Aeropuerto Internacional de Torreón (TRC), entregando cada ejemplar con su certificado genético de pureza de sangre, pedigree oficial y todas sus vacunas al día."
http://dinastiabulldogfluffy.com,venta,bulldog-frances-fluffy-queretaro,Bulldog Francés Fluffy en Querétaro,"Venta de cachorros Bulldog Francés Fluffy en Querétaro. Criadero especializado con pelaje largo (gen L4/L1), pedigree de pureza y garantía de salud.",MXN,México,Aeropuerto Intercontinental de Querétaro (QRO),"Para quienes buscan la máxima distinción y ternura en Querétaro, México, el Bulldog Francés Fluffy es el compañero soñado. Su singular manto de pelaje abundante y sedoso, respaldado genéticamente por la variante del gen L4/L1, combinado con su temperamento dócil, amigable y sumamente cariñoso, enamora desde el primer instante. Su extraordinaria adaptabilidad a espacios urbanos como apartamentos y a la atmósfera de Querétaro garantiza una convivencia llena de armonía. Organizamos un traslado de primera clase con llegada segura al Aeropuerto Intercontinental de Querétaro (QRO), respaldando la salud de tu mascota con esquema de vacunas al día, desparasitación completa y su certificado genético junto a su pedigree de pureza."
http://dinastiabulldogfluffy.com,venta,bulldog-frances-fluffy-san-luis-potosi,Bulldog Francés Fluffy en San Luis Potosí,"Encuentra cachorros Bulldog Francés Fluffy en San Luis Potosí. Ejemplares puros de lujo con pelo sedoso (gen L4/L1), pedigree oficial y envíos seguros.",MXN,México,Aeropuerto Internacional de San Luis Potosí (SLP),"El Bulldog Francés Fluffy ha conquistado los corazones de las familias en San Luis Potosí, México. Esta codiciada variante destaca por su pelaje abundante y sedoso, resultado de la exclusiva genética de pelo largo (gen L4/L1), así como por su carácter profundamente cariñoso, dócil y leal. Gracias a su tamaño compacto y temperamento equilibrado, posee una adaptabilidad perfecta tanto a la vida en apartamento como al clima de San Luis Potosí. Cada cachorro viaja bajo estrictos protocolos de bienestar animal garantizando su llegada segura a través del Aeropuerto Internacional de San Luis Potosí (SLP). Para tu absoluta tranquilidad, entregamos a tu nuevo integrante con su esquema completo de vacunas al día, desparasitación y su certificado genético con pedigree que acredita su pureza de raza."
http://dinastiabulldogfluffy.com,venta,bulldog-frances-fluffy-merida,Bulldog Francés Fluffy en Mérida,"Venta de cachorros Bulldog Francés Fluffy en Mérida. Criadero especializado con pelaje largo (gen L4/L1), pedigree de pureza y garantía de salud.",MXN,México,Aeropuerto Internacional de Mérida (MID),"Darle la bienvenida a un Bulldog Francés Fluffy en Mérida es una experiencia de verdadero lujo para cualquier hogar en México. Con su deslumbrante pelaje abundante y sedoso derivado de la portación del gen L4/L1 y un carácter dócil, juguetón y cariñoso, esta maravillosa raza se convierte en el compañero fiel ideal. Su excelente adaptabilidad a la convivencia en apartamento y su fácil climatización en Mérida aseguran su máximo confort diario. Nuestro protocolo VIP garantiza un envío coordinado y su llegada segura a través del Aeropuerto Internacional de Mérida (MID), entregando cada ejemplar con su certificado genético de pureza de sangre, pedigree oficial y todas sus vacunas al día."
http://dinastiabulldogfluffy.com,venta,bulldog-frances-fluffy-aguascalientes,Bulldog Francés Fluffy en Aguascalientes,"Encuentra cachorros Bulldog Francés Fluffy en Aguascalientes. Ejemplares puros de lujo con pelo sedoso (gen L4/L1), pedigree oficial y envíos seguros.",MXN,México,Aeropuerto Internacional de Aguascalientes (AGU),"Para quienes buscan la máxima distinción y ternura en Aguascalientes, México, el Bulldog Francés Fluffy es el compañero soñado. Su singular manto de pelaje abundante y sedoso, respaldado genéticamente por la variante del gen L4/L1, combinado con su temperamento dócil, amigable y sumamente cariñoso, enamora desde el primer instante. Su extraordinaria adaptabilidad a espacios urbanos como apartamentos y a la atmósfera de Aguascalientes garantiza una convivencia llena de armonía. Organizamos un traslado de primera clase con llegada segura al Aeropuerto Internacional de Aguascalientes (AGU), respaldando la salud de tu mascota con esquema de vacunas al día, desparasitación completa y su certificado genético junto a su pedigree de pureza."
http://dinastiabulldogfluffy.com,venta,bulldog-frances-fluffy-hermosillo,Bulldog Francés Fluffy en Hermosillo,"Venta de cachorros Bulldog Francés Fluffy en Hermosillo. Criadero especializado con pelaje largo (gen L4/L1), pedigree de pureza y garantía de salud.",MXN,México,Aeropuerto Internacional General Ignacio Pesqueira García (HMO),"El Bulldog Francés Fluffy ha conquistado los corazones de las familias en Hermosillo, México. Esta codiciada variante destaca por su pelaje abundante y sedoso, resultado de la exclusiva genética de pelo largo (gen L4/L1), así como por su carácter profundamente cariñoso, dócil y leal. Gracias a su tamaño compacto y temperamento equilibrado, posee una adaptabilidad perfecta tanto a la vida en apartamento como al clima de Hermosillo. Cada cachorro viaja bajo estrictos protocolos de bienestar animal garantizando su llegada segura a través del Aeropuerto Internacional General Ignacio Pesqueira García (HMO). Para tu absoluta tranquilidad, entregamos a tu nuevo integrante con su esquema completo de vacunas al día, desparasitación y su certificado genético con pedigree que acredita su pureza de raza."
http://dinastiabulldogfluffy.com,venta,bulldog-frances-fluffy-saltillo,Bulldog Francés Fluffy en Saltillo,"Encuentra cachorros Bulldog Francés Fluffy en Saltillo. Ejemplares puros de lujo con pelo sedoso (gen L4/L1), pedigree oficial y envíos seguros.",MXN,México,Aeropuerto Internacional de Saltillo (SLW),"Darle la bienvenida a un Bulldog Francés Fluffy en Saltillo es una experiencia de verdadero lujo para cualquier hogar en México. Con su deslumbrante pelaje abundante y sedoso derivado de la portación del gen L4/L1 y un carácter dócil, juguetón y cariñoso, esta maravillosa raza se convierte en el compañero fiel ideal. Su excelente adaptabilidad a la convivencia en apartamento y su fácil climatización en Saltillo aseguran su máximo confort diario. Nuestro protocolo VIP garantiza un envío coordinado y su llegada segura a través del Aeropuerto Internacional de Saltillo (SLW), entregando cada ejemplar con su certificado genético de pureza de sangre, pedigree oficial y todas sus vacunas al día."
http://dinastiabulldogfluffy.com,venta,bulldog-frances-fluffy-san-jose,Bulldog Francés Fluffy en San José,"Venta de cachorros Bulldog Francés Fluffy en San José. Criadero especializado con pelaje largo (gen L4/L1), pedigree de pureza y garantía de salud.",CRC,Costa Rica,Aeropuerto Internacional Juan Santamaría (SJO),"Para quienes buscan la máxima distinción y ternura en San José, Costa Rica, el Bulldog Francés Fluffy es el compañero soñado. Su singular manto de pelaje abundante y sedoso, respaldado genéticamente por la variante del gen L4/L1, combinado con su temperamento dócil, amigable y sumamente cariñoso, enamora desde el primer instante. Su extraordinaria adaptabilidad a espacios urbanos como apartamentos y a la atmósfera de San José garantiza una convivencia llena de armonía. Organizamos un traslado de primera clase con llegada segura al Aeropuerto Internacional Juan Santamaría (SJO), respaldando la salud de tu mascota con esquema de vacunas al día, desparasitación completa y su certificado genético junto a su pedigree de pureza."
http://dinastiabulldogfluffy.com,venta,bulldog-frances-fluffy-alajuela,Bulldog Francés Fluffy en Alajuela,"Encuentra cachorros Bulldog Francés Fluffy en Alajuela. Ejemplares puros de lujo con pelo sedoso (gen L4/L1), pedigree oficial y envíos seguros.",CRC,Costa Rica,Aeropuerto Internacional Juan Santamaría (SJO),"El Bulldog Francés Fluffy ha conquistado los corazones de las familias en Alajuela, Costa Rica. Esta codiciada variante destaca por su pelaje abundante y sedoso, resultado de la exclusiva genética de pelo largo (gen L4/L1), así como por su carácter profundamente cariñoso, dócil y leal. Gracias a su tamaño compacto y temperamento equilibrado, posee una adaptabilidad perfecta tanto a la vida en apartamento como al clima de Alajuela. Cada cachorro viaja bajo estrictos protocolos de bienestar animal garantizando su llegada segura a través del Aeropuerto Internacional Juan Santamaría (SJO). Para tu absoluta tranquilidad, entregamos a tu nuevo integrante con su esquema completo de vacunas al día, desparasitación y su certificado genético con pedigree que acredita su pureza de raza."
http://dinastiabulldogfluffy.com,venta,bulldog-frances-fluffy-cartago,Bulldog Francés Fluffy en Cartago,"Venta de cachorros Bulldog Francés Fluffy en Cartago. Criadero especializado con pelaje largo (gen L4/L1), pedigree de pureza y garantía de salud.",CRC,Costa Rica,Aeropuerto Internacional Juan Santamaría (SJO),"Darle la bienvenida a un Bulldog Francés Fluffy en Cartago es una experiencia de verdadero lujo para cualquier hogar en Costa Rica. Con su deslumbrante pelaje abundante y sedoso derivado de la portación del gen L4/L1 y un carácter dócil, juguetón y cariñoso, esta maravillosa raza se convierte en el compañero fiel ideal. Su excelente adaptabilidad a la convivencia en apartamento y su fácil climatización en Cartago aseguran su máximo confort diario. Nuestro protocolo VIP garantiza un envío coordinado y su llegada segura a través del Aeropuerto Internacional Juan Santamaría (SJO), entregando cada ejemplar con su certificado genético de pureza de sangre, pedigree oficial y todas sus vacunas al día."
http://dinastiabulldogfluffy.com,venta,bulldog-frances-fluffy-heredia,Bulldog Francés Fluffy en Heredia,"Encuentra cachorros Bulldog Francés Fluffy en Heredia. Ejemplares puros de lujo con pelo sedoso (gen L4/L1), pedigree oficial y envíos seguros.",CRC,Costa Rica,Aeropuerto Internacional Juan Santamaría (SJO),"Para quienes buscan la máxima distinción y ternura en Heredia, Costa Rica, el Bulldog Francés Fluffy es el compañero soñado. Su singular manto de pelaje abundante y sedoso, respaldado genéticamente por la variante del gen L4/L1, combinado con su temperamento dócil, amigable y sumamente cariñoso, enamora desde el primer instante. Su extraordinaria adaptabilidad a espacios urbanos como apartamentos y a la atmósfera de Heredia garantiza una convivencia llena de armonía. Organizamos un traslado de primera clase con llegada segura al Aeropuerto Internacional Juan Santamaría (SJO), respaldando la salud de tu mascota con esquema de vacunas al día, desparasitación completa y su certificado genético junto a su pedigree de pureza."
http://dinastiabulldogfluffy.com,venta,bulldog-frances-fluffy-puntarenas,Bulldog Francés Fluffy en Puntarenas,"Venta de cachorros Bulldog Francés Fluffy en Puntarenas. Criadero especializado con pelaje largo (gen L4/L1), pedigree de pureza y garantía de salud.",CRC,Costa Rica,Aeropuerto Internacional Juan Santamaría (SJO),"El Bulldog Francés Fluffy ha conquistado los corazones de las familias en Puntarenas, Costa Rica. Esta codiciada variante destaca por su pelaje abundante y sedoso, resultado de la exclusiva genética de pelo largo (gen L4/L1), así como por su carácter profundamente cariñoso, dócil y leal. Gracias a su tamaño compacto y temperamento equilibrado, posee una adaptabilidad perfecta tanto a la vida en apartamento como al clima de Puntarenas. Cada cachorro viaja bajo estrictos protocolos de bienestar animal garantizando su llegada segura a través del Aeropuerto Internacional Juan Santamaría (SJO). Para tu absoluta tranquilidad, entregamos a tu nuevo integrante con su esquema completo de vacunas al día, desparasitación y su certificado genético con pedigree que acredita su pureza de raza."
http://dinastiabulldogfluffy.com,venta,bulldog-frances-fluffy-san-salvador,Bulldog Francés Fluffy en San Salvador,"Encuentra cachorros Bulldog Francés Fluffy en San Salvador. Ejemplares puros de lujo con pelo sedoso (gen L4/L1), pedigree oficial y envíos seguros.",USD,El Salvador,Aeropuerto Internacional de El Salvador (SAL),"Darle la bienvenida a un Bulldog Francés Fluffy en San Salvador es una experiencia de verdadero lujo para cualquier hogar en El Salvador. Con su deslumbrante pelaje abundante y sedoso derivado de la portación del gen L4/L1 y un carácter dócil, juguetón y cariñoso, esta maravillosa raza se convierte en el compañero fiel ideal. Su excelente adaptabilidad a la convivencia en apartamento y su fácil climatización en San Salvador aseguran su máximo confort diario. Nuestro protocolo VIP garantiza un envío coordinado y su llegada segura a través del Aeropuerto Internacional de El Salvador (SAL), entregando cada ejemplar con su certificado genético de pureza de sangre, pedigree oficial y todas sus vacunas al día."
http://dinastiabulldogfluffy.com,venta,bulldog-frances-fluffy-santa-ana,Bulldog Francés Fluffy en Santa Ana,"Venta de cachorros Bulldog Francés Fluffy en Santa Ana. Criadero especializado con pelaje largo (gen L4/L1), pedigree de pureza y garantía de salud.",USD,El Salvador,Aeropuerto Internacional de El Salvador (SAL),"Para quienes buscan la máxima distinción y ternura en Santa Ana, El Salvador, el Bulldog Francés Fluffy es el compañero soñado. Su singular manto de pelaje abundante y sedoso, respaldado genéticamente por la variante del gen L4/L1, combinado con su temperamento dócil, amigable y sumamente cariñoso, enamora desde el primer instante. Su extraordinaria adaptabilidad a espacios urbanos como apartamentos y a la atmósfera de Santa Ana garantiza una convivencia llena de armonía. Organizamos un traslado de primera clase con llegada segura al Aeropuerto Internacional de El Salvador (SAL), respaldando la salud de tu mascota con esquema de vacunas al día, desparasitación completa y su certificado genético junto a su pedigree de pureza."
http://dinastiabulldogfluffy.com,venta,bulldog-frances-fluffy-san-miguel,Bulldog Francés Fluffy en San Miguel,"Encuentra cachorros Bulldog Francés Fluffy en San Miguel. Ejemplares puros de lujo con pelo sedoso (gen L4/L1), pedigree oficial y envíos seguros.",USD,El Salvador,Aeropuerto Internacional de El Salvador (SAL),"El Bulldog Francés Fluffy ha conquistado los corazones de las familias en San Miguel, El Salvador. Esta codiciada variante destaca por su pelaje abundante y sedoso, resultado de la exclusiva genética de pelo largo (gen L4/L1), así como por su carácter profundamente cariñoso, dócil y leal. Gracias a su tamaño compacto y temperamento equilibrado, posee una adaptabilidad perfecta tanto a la vida en apartamento como al clima de San Miguel. Cada cachorro viaja bajo estrictos protocolos de bienestar animal garantizando su llegada segura a través del Aeropuerto Internacional de El Salvador (SAL). Para tu absoluta tranquilidad, entregamos a tu nuevo integrante con su esquema completo de vacunas al día, desparasitación y su certificado genético con pedigree que acredita su pureza de raza."
http://dinastiabulldogfluffy.com,venta,bulldog-frances-fluffy-soyapango,Bulldog Francés Fluffy en Soyapango,"Venta de cachorros Bulldog Francés Fluffy en Soyapango. Criadero especializado con pelaje largo (gen L4/L1), pedigree de pureza y garantía de salud.",USD,El Salvador,Aeropuerto Internacional de El Salvador (SAL),"Darle la bienvenida a un Bulldog Francés Fluffy en Soyapango es una experiencia de verdadero lujo para cualquier hogar en El Salvador. Con su deslumbrante pelaje abundante y sedoso derivado de la portación del gen L4/L1 y un carácter dócil, juguetón y cariñoso, esta maravillosa raza se convierte en el compañero fiel ideal. Su excelente adaptabilidad a la convivencia en apartamento y su fácil climatización en Soyapango aseguran su máximo confort diario. Nuestro protocolo VIP garantiza un envío coordinado y su llegada segura a través del Aeropuerto Internacional de El Salvador (SAL), entregando cada ejemplar con su certificado genético de pureza de sangre, pedigree oficial y todas sus vacunas al día."
http://dinastiabulldogfluffy.com,venta,bulldog-frances-fluffy-santa-tecla,Bulldog Francés Fluffy en Santa Tecla,"Encuentra cachorros Bulldog Francés Fluffy en Santa Tecla. Ejemplares puros de lujo con pelo sedoso (gen L4/L1), pedigree oficial y envíos seguros.",USD,El Salvador,Aeropuerto Internacional de El Salvador (SAL),"Para quienes buscan la máxima distinción y ternura en Santa Tecla, El Salvador, el Bulldog Francés Fluffy es el compañero soñado. Su singular manto de pelaje abundante y sedoso, respaldado genéticamente por la variante del gen L4/L1, combinado con su temperamento dócil, amigable y sumamente cariñoso, enamora desde el primer instante. Su extraordinaria adaptabilidad a espacios urbanos como apartamentos y a la atmósfera de Santa Tecla garantiza una convivencia llena de armonía. Organizamos un traslado de primera clase con llegada segura al Aeropuerto Internacional de El Salvador (SAL), respaldando la salud de tu mascota con esquema de vacunas al día, desparasitación completa y su certificado genético junto a su pedigree de pureza."
http://dinastiabulldogfluffy.com,venta,bulldog-frances-fluffy-ciudad-de-guatemala,Bulldog Francés Fluffy en Ciudad de Guatemala,"Venta de cachorros Bulldog Francés Fluffy en Ciudad de Guatemala. Criadero especializado con pelaje largo (gen L4/L1), pedigree de pureza y garantía de salud.",GTQ,Guatemala,Aeropuerto Internacional La Aurora (GUA),"El Bulldog Francés Fluffy ha conquistado los corazones de las familias en Ciudad de Guatemala, Guatemala. Esta codiciada variante destaca por su pelaje abundante y sedoso, resultado de la exclusiva genética de pelo largo (gen L4/L1), así como por su carácter profundamente cariñoso, dócil y leal. Gracias a su tamaño compacto y temperamento equilibrado, posee una adaptabilidad perfecta tanto a la vida en apartamento como al clima de Ciudad de Guatemala. Cada cachorro viaja bajo estrictos protocolos de bienestar animal garantizando su llegada segura a través del Aeropuerto Internacional La Aurora (GUA). Para tu absoluta tranquilidad, entregamos a tu nuevo integrante con su esquema completo de vacunas al día, desparasitación y su certificado genético con pedigree que acredita su pureza de raza."
http://dinastiabulldogfluffy.com,venta,bulldog-frances-fluffy-mixco,Bulldog Francés Fluffy en Mixco,"Encuentra cachorros Bulldog Francés Fluffy en Mixco. Ejemplares puros de lujo con pelo sedoso (gen L4/L1), pedigree oficial y envíos seguros.",GTQ,Guatemala,Aeropuerto Internacional La Aurora (GUA),"Darle la bienvenida a un Bulldog Francés Fluffy en Mixco es una experiencia de verdadero lujo para cualquier hogar en Guatemala. Con su deslumbrante pelaje abundante y sedoso derivado de la portación del gen L4/L1 y un carácter dócil, juguetón y cariñoso, esta maravillosa raza se convierte en el compañero fiel ideal. Su excelente adaptabilidad a la convivencia en apartamento y su fácil climatización en Mixco aseguran su máximo confort diario. Nuestro protocolo VIP garantiza un envío coordinado y su llegada segura a través del Aeropuerto Internacional La Aurora (GUA), entregando cada ejemplar con su certificado genético de pureza de sangre, pedigree oficial y todas sus vacunas al día."
http://dinastiabulldogfluffy.com,venta,bulldog-frances-fluffy-villa-nueva,Bulldog Francés Fluffy en Villa Nueva,"Venta de cachorros Bulldog Francés Fluffy en Villa Nueva. Criadero especializado con pelaje largo (gen L4/L1), pedigree de pureza y garantía de salud.",GTQ,Guatemala,Aeropuerto Internacional La Aurora (GUA),"Para quienes buscan la máxima distinción y ternura en Villa Nueva, Guatemala, el Bulldog Francés Fluffy es el compañero soñado. Su singular manto de pelaje abundante y sedoso, respaldado genéticamente por la variante del gen L4/L1, combinado con su temperamento dócil, amigable y sumamente cariñoso, enamora desde el primer instante. Su extraordinaria adaptabilidad a espacios urbanos como apartamentos y a la atmósfera de Villa Nueva garantiza una convivencia llena de armonía. Organizamos un traslado de primera clase con llegada segura al Aeropuerto Internacional La Aurora (GUA), respaldando la salud de tu mascota con esquema de vacunas al día, desparasitación completa y su certificado genético junto a su pedigree de pureza."
http://dinastiabulldogfluffy.com,venta,bulldog-frances-fluffy-quetzaltenango,Bulldog Francés Fluffy en Quetzaltenango,"Encuentra cachorros Bulldog Francés Fluffy en Quetzaltenango. Ejemplares puros de lujo con pelo sedoso (gen L4/L1), pedigree oficial y envíos seguros.",GTQ,Guatemala,Aeropuerto Internacional de Quetzaltenango (AAZ),"El Bulldog Francés Fluffy ha conquistado los corazones de las familias en Quetzaltenango, Guatemala. Esta codiciada variante destaca por su pelaje abundante y sedoso, resultado de la exclusiva genética de pelo largo (gen L4/L1), así como por su carácter profundamente cariñoso, dócil y leal. Gracias a su tamaño compacto y temperamento equilibrado, posee una adaptabilidad perfecta tanto a la vida en apartamento como al clima de Quetzaltenango. Cada cachorro viaja bajo estrictos protocolos de bienestar animal garantizando su llegada segura a través del Aeropuerto Internacional de Quetzaltenango (AAZ). Para tu absoluta tranquilidad, entregamos a tu nuevo integrante con su esquema completo de vacunas al día, desparasitación y su certificado genético con pedigree que acredita su pureza de raza."
http://dinastiabulldogfluffy.com,venta,bulldog-frances-fluffy-antigua-guatemala,Bulldog Francés Fluffy en Antigua,"Venta de cachorros Bulldog Francés Fluffy en Antigua. Criadero especializado con pelaje largo (gen L4/L1), pedigree de pureza y garantía de salud.",GTQ,Guatemala,Aeropuerto Internacional La Aurora (GUA),"Darle la bienvenida a un Bulldog Francés Fluffy en Antigua es una experiencia de verdadero lujo para cualquier hogar en Guatemala. Con su deslumbrante pelaje abundante y sedoso derivado de la portación del gen L4/L1 y un carácter dócil, juguetón y cariñoso, esta maravillosa raza se convierte en el compañero fiel ideal. Su excelente adaptabilidad a la convivencia en apartamento y su fácil climatización en Antigua aseguran su máximo confort diario. Nuestro protocolo VIP garantiza un envío coordinado y su llegada segura a través del Aeropuerto Internacional La Aurora (GUA), entregando cada ejemplar con su certificado genético de pureza de sangre, pedigree oficial y todas sus vacunas al día."
http://dinastiabulldogfluffy.com,venta,bulldog-frances-fluffy-tegucigalpa,Bulldog Francés Fluffy en Tegucigalpa,"Encuentra cachorros Bulldog Francés Fluffy en Tegucigalpa. Ejemplares puros de lujo con pelo sedoso (gen L4/L1), pedigree oficial y envíos seguros.",HNL,Honduras,Aeropuerto Internacional Toncontín (TGU),"Para quienes buscan la máxima distinción y ternura en Tegucigalpa, Honduras, el Bulldog Francés Fluffy es el compañero soñado. Su singular manto de pelaje abundante y sedoso, respaldado genéticamente por la variante del gen L4/L1, combinado con su temperamento dócil, amigable y sumamente cariñoso, enamora desde el primer instante. Su extraordinaria adaptabilidad a espacios urbanos como apartamentos y a la atmósfera de Tegucigalpa garantiza una convivencia llena de armonía. Organizamos un traslado de primera clase con llegada segura al Aeropuerto Internacional Toncontín (TGU), respaldando la salud de tu mascota con esquema de vacunas al día, desparasitación completa y su certificado genético junto a su pedigree de pureza."
http://dinastiabulldogfluffy.com,venta,bulldog-frances-fluffy-san-pedro-sula,Bulldog Francés Fluffy en San Pedro Sula,"Venta de cachorros Bulldog Francés Fluffy en San Pedro Sula. Criadero especializado con pelaje largo (gen L4/L1), pedigree de pureza y garantía de salud.",HNL,Honduras,Aeropuerto Internacional Ramón Villeda Morales (SAP),"El Bulldog Francés Fluffy ha conquistado los corazones de las familias en San Pedro Sula, Honduras. Esta codiciada variante destaca por su pelaje abundante y sedoso, resultado de la exclusiva genética de pelo largo (gen L4/L1), así como por su carácter profundamente cariñoso, dócil y leal. Gracias a su tamaño compacto y temperamento equilibrado, posee una adaptabilidad perfecta tanto a la vida en apartamento como al clima de San Pedro Sula. Cada cachorro viaja bajo estrictos protocolos de bienestar animal garantizando su llegada segura a través del Aeropuerto Internacional Ramón Villeda Morales (SAP). Para tu absoluta tranquilidad, entregamos a tu nuevo integrante con su esquema completo de vacunas al día, desparasitación y su certificado genético con pedigree que acredita su pureza de raza."
http://dinastiabulldogfluffy.com,venta,bulldog-frances-fluffy-choloma,Bulldog Francés Fluffy en Choloma,"Encuentra cachorros Bulldog Francés Fluffy en Choloma. Ejemplares puros de lujo con pelo sedoso (gen L4/L1), pedigree oficial y envíos seguros.",HNL,Honduras,Aeropuerto Internacional Ramón Villeda Morales (SAP),"Darle la bienvenida a un Bulldog Francés Fluffy en Choloma es una experiencia de verdadero lujo para cualquier hogar en Honduras. Con su deslumbrante pelaje abundante y sedoso derivado de la portación del gen L4/L1 y un carácter dócil, juguetón y cariñoso, esta maravillosa raza se convierte en el compañero fiel ideal. Su excelente adaptabilidad a la convivencia en apartamento y su fácil climatización en Choloma aseguran su máximo confort diario. Nuestro protocolo VIP garantiza un envío coordinado y su llegada segura a través del Aeropuerto Internacional Ramón Villeda Morales (SAP), entregando cada ejemplar con su certificado genético de pureza de sangre, pedigree oficial y todas sus vacunas al día."
http://dinastiabulldogfluffy.com,venta,bulldog-frances-fluffy-la-ceiba,Bulldog Francés Fluffy en La Ceiba,"Venta de cachorros Bulldog Francés Fluffy en La Ceiba. Criadero especializado con pelaje largo (gen L4/L1), pedigree de pureza y garantía de salud.",HNL,Honduras,Aeropuerto Internacional Golosón (LCE),"Para quienes buscan la máxima distinción y ternura en La Ceiba, Honduras, el Bulldog Francés Fluffy es el compañero soñado. Su singular manto de pelaje abundante y sedoso, respaldado genéticamente por la variante del gen L4/L1, combinado con su temperamento dócil, amigable y sumamente cariñoso, enamora desde el primer instante. Su extraordinaria adaptabilidad a espacios urbanos como apartamentos y a la atmósfera de La Ceiba garantiza una convivencia llena de armonía. Organizamos un traslado de primera clase con llegada segura al Aeropuerto Internacional Golosón (LCE), respaldando la salud de tu mascota con esquema de vacunas al día, desparasitación completa y su certificado genético junto a su pedigree de pureza."
http://dinastiabulldogfluffy.com,venta,bulldog-frances-fluffy-el-progreso,Bulldog Francés Fluffy en El Progreso,"Encuentra cachorros Bulldog Francés Fluffy en El Progreso. Ejemplares puros de lujo con pelo sedoso (gen L4/L1), pedigree oficial y envíos seguros.",HNL,Honduras,Aeropuerto Internacional Ramón Villeda Morales (SAP),"El Bulldog Francés Fluffy ha conquistado los corazones de las familias en El Progreso, Honduras. Esta codiciada variante destaca por su pelaje abundante y sedoso, resultado de la exclusiva genética de pelo largo (gen L4/L1), así como por su carácter profundamente cariñoso, dócil y leal. Gracias a su tamaño compacto y temperamento equilibrado, posee una adaptabilidad perfecta tanto a la vida en apartamento como al clima de El Progreso. Cada cachorro viaja bajo estrictos protocolos de bienestar animal garantizando su llegada segura a través del Aeropuerto Internacional Ramón Villeda Morales (SAP). Para tu absoluta tranquilidad, entregamos a tu nuevo integrante con su esquema completo de vacunas al día, desparasitación y su certificado genético con pedigree que acredita su pureza de raza."
http://dinastiabulldogfluffy.com,venta,bulldog-frances-fluffy-managua,Bulldog Francés Fluffy en Managua,"Venta de cachorros Bulldog Francés Fluffy en Managua. Criadero especializado con pelaje largo (gen L4/L1), pedigree de pureza y garantía de salud.",NIO,Nicaragua,Aeropuerto Internacional Augusto C. Sandino (MGA),"Darle la bienvenida a un Bulldog Francés Fluffy en Managua es una experiencia de verdadero lujo para cualquier hogar en Nicaragua. Con su deslumbrante pelaje abundante y sedoso derivado de la portación del gen L4/L1 y un carácter dócil, juguetón y cariñoso, esta maravillosa raza se convierte en el compañero fiel ideal. Su excelente adaptabilidad a la convivencia en apartamento y su fácil climatización en Managua aseguran su máximo confort diario. Nuestro protocolo VIP garantiza un envío coordinado y su llegada segura a través del Aeropuerto Internacional Augusto C. Sandino (MGA), entregando cada ejemplar con su certificado genético de pureza de sangre, pedigree oficial y todas sus vacunas al día."
http://dinastiabulldogfluffy.com,venta,bulldog-frances-fluffy-leon-ni,Bulldog Francés Fluffy en León (NI),"Encuentra cachorros Bulldog Francés Fluffy en León (NI). Ejemplares puros de lujo con pelo sedoso (gen L4/L1), pedigree oficial y envíos seguros.",NIO,Nicaragua,Aeropuerto Internacional Augusto C. Sandino (MGA),"Para quienes buscan la máxima distinción y ternura en León (NI), Nicaragua, el Bulldog Francés Fluffy es el compañero soñado. Su singular manto de pelaje abundante y sedoso, respaldado genéticamente por la variante del gen L4/L1, combinado con su temperamento dócil, amigable y sumamente cariñoso, enamora desde el primer instante. Su extraordinaria adaptabilidad a espacios urbanos como apartamentos y a la atmósfera de León (NI) garantiza una convivencia llena de armonía. Organizamos un traslado de primera clase con llegada segura al Aeropuerto Internacional Augusto C. Sandino (MGA), respaldando la salud de tu mascota con esquema de vacunas al día, desparasitación completa y su certificado genético junto a su pedigree de pureza."
http://dinastiabulldogfluffy.com,venta,bulldog-frances-fluffy-masaya,Bulldog Francés Fluffy en Masaya,"Venta de cachorros Bulldog Francés Fluffy en Masaya. Criadero especializado con pelaje largo (gen L4/L1), pedigree de pureza y garantía de salud.",NIO,Nicaragua,Aeropuerto Internacional Augusto C. Sandino (MGA),"El Bulldog Francés Fluffy ha conquistado los corazones de las familias en Masaya, Nicaragua. Esta codiciada variante destaca por su pelaje abundante y sedoso, resultado de la exclusiva genética de pelo largo (gen L4/L1), así como por su carácter profundamente cariñoso, dócil y leal. Gracias a su tamaño compacto y temperamento equilibrado, posee una adaptabilidad perfecta tanto a la vida en apartamento como al clima de Masaya. Cada cachorro viaja bajo estrictos protocolos de bienestar animal garantizando su llegada segura a través del Aeropuerto Internacional Augusto C. Sandino (MGA). Para tu absoluta tranquilidad, entregamos a tu nuevo integrante con su esquema completo de vacunas al día, desparasitación y su certificado genético con pedigree que acredita su pureza de raza."
http://dinastiabulldogfluffy.com,venta,bulldog-frances-fluffy-chinandega,Bulldog Francés Fluffy en Chinandega,"Encuentra cachorros Bulldog Francés Fluffy en Chinandega. Ejemplares puros de lujo con pelo sedoso (gen L4/L1), pedigree oficial y envíos seguros.",NIO,Nicaragua,Aeropuerto Internacional Augusto C. Sandino (MGA),"Darle la bienvenida a un Bulldog Francés Fluffy en Chinandega es una experiencia de verdadero lujo para cualquier hogar en Nicaragua. Con su deslumbrante pelaje abundante y sedoso derivado de la portación del gen L4/L1 y un carácter dócil, juguetón y cariñoso, esta maravillosa raza se convierte en el compañero fiel ideal. Su excelente adaptabilidad a la convivencia en apartamento y su fácil climatización en Chinandega aseguran su máximo confort diario. Nuestro protocolo VIP garantiza un envío coordinado y su llegada segura a través del Aeropuerto Internacional Augusto C. Sandino (MGA), entregando cada ejemplar con su certificado genético de pureza de sangre, pedigree oficial y todas sus vacunas al día."
http://dinastiabulldogfluffy.com,venta,bulldog-frances-fluffy-granada,Bulldog Francés Fluffy en Granada,"Venta de cachorros Bulldog Francés Fluffy en Granada. Criadero especializado con pelaje largo (gen L4/L1), pedigree de pureza y garantía de salud.",NIO,Nicaragua,Aeropuerto Internacional Augusto C. Sandino (MGA),"Para quienes buscan la máxima distinción y ternura en Granada, Nicaragua, el Bulldog Francés Fluffy es el compañero soñado. Su singular manto de pelaje abundante y sedoso, respaldado genéticamente por la variante del gen L4/L1, combinado con su temperamento dócil, amigable y sumamente cariñoso, enamora desde el primer instante. Su extraordinaria adaptabilidad a espacios urbanos como apartamentos y a la atmósfera de Granada garantiza una convivencia llena de armonía. Organizamos un traslado de primera clase con llegada segura al Aeropuerto Internacional Augusto C. Sandino (MGA), respaldando la salud de tu mascota con esquema de vacunas al día, desparasitación completa y su certificado genético junto a su pedigree de pureza."
http://dinastiabulldogfluffy.com,venta,bulldog-frances-fluffy-panama,Bulldog Francés Fluffy en Ciudad de Panamá,"Encuentra cachorros Bulldog Francés Fluffy en Ciudad de Panamá. Ejemplares puros de lujo con pelo sedoso (gen L4/L1), pedigree oficial y envíos seguros.",USD,Panamá,Aeropuerto Internacional de Tocumen (PTY),"El Bulldog Francés Fluffy ha conquistado los corazones de las familias en Ciudad de Panamá, Panamá. Esta codiciada variante destaca por su pelaje abundante y sedoso, resultado de la exclusiva genética de pelo largo (gen L4/L1), así como por su carácter profundamente cariñoso, dócil y leal. Gracias a su tamaño compacto y temperamento equilibrado, posee una adaptabilidad perfecta tanto a la vida en apartamento como al clima de Ciudad de Panamá. Cada cachorro viaja bajo estrictos protocolos de bienestar animal garantizando su llegada segura a través del Aeropuerto Internacional de Tocumen (PTY). Para tu absoluta tranquilidad, entregamos a tu nuevo integrante con su esquema completo de vacunas al día, desparasitación y su certificado genético con pedigree que acredita su pureza de raza."
http://dinastiabulldogfluffy.com,venta,bulldog-frances-fluffy-colon,Bulldog Francés Fluffy en Colón,"Venta de cachorros Bulldog Francés Fluffy en Colón. Criadero especializado con pelaje largo (gen L4/L1), pedigree de pureza y garantía de salud.",USD,Panamá,Aeropuerto Internacional Enrique Adolfo Jiménez (ONX),"Darle la bienvenida a un Bulldog Francés Fluffy en Colón es una experiencia de verdadero lujo para cualquier hogar en Panamá. Con su deslumbrante pelaje abundante y sedoso derivado de la portación del gen L4/L1 y un carácter dócil, juguetón y cariñoso, esta maravillosa raza se convierte en el compañero fiel ideal. Su excelente adaptabilidad a la convivencia en apartamento y su fácil climatización en Colón aseguran su máximo confort diario. Nuestro protocolo VIP garantiza un envío coordinado y su llegada segura a través del Aeropuerto Internacional Enrique Adolfo Jiménez (ONX), entregando cada ejemplar con su certificado genético de pureza de sangre, pedigree oficial y todas sus vacunas al día."
http://dinastiabulldogfluffy.com,venta,bulldog-frances-fluffy-david,Bulldog Francés Fluffy en David,"Encuentra cachorros Bulldog Francés Fluffy en David. Ejemplares puros de lujo con pelo sedoso (gen L4/L1), pedigree oficial y envíos seguros.",USD,Panamá,Aeropuerto Internacional Enrique Malek (DAV),"Para quienes buscan la máxima distinción y ternura en David, Panamá, el Bulldog Francés Fluffy es el compañero soñado. Su singular manto de pelaje abundante y sedoso, respaldado genéticamente por la variante del gen L4/L1, combinado con su temperamento dócil, amigable y sumamente cariñoso, enamora desde el primer instante. Su extraordinaria adaptabilidad a espacios urbanos como apartamentos y a la atmósfera de David garantiza una convivencia llena de armonía. Organizamos un traslado de primera clase con llegada segura al Aeropuerto Internacional Enrique Malek (DAV), respaldando la salud de tu mascota con esquema de vacunas al día, desparasitación completa y su certificado genético junto a su pedigree de pureza."
http://dinastiabulldogfluffy.com,venta,bulldog-frances-fluffy-san-miguelito,Bulldog Francés Fluffy en San Miguelito,"Venta de cachorros Bulldog Francés Fluffy en San Miguelito. Criadero especializado con pelaje largo (gen L4/L1), pedigree de pureza y garantía de salud.",USD,Panamá,Aeropuerto Internacional de Tocumen (PTY),"El Bulldog Francés Fluffy ha conquistado los corazones de las familias en San Miguelito, Panamá. Esta codiciada variante destaca por su pelaje abundante y sedoso, resultado de la exclusiva genética de pelo largo (gen L4/L1), así como por su carácter profundamente cariñoso, dócil y leal. Gracias a su tamaño compacto y temperamento equilibrado, posee una adaptabilidad perfecta tanto a la vida en apartamento como al clima de San Miguelito. Cada cachorro viaja bajo estrictos protocolos de bienestar animal garantizando su llegada segura a través del Aeropuerto Internacional de Tocumen (PTY). Para tu absoluta tranquilidad, entregamos a tu nuevo integrante con su esquema completo de vacunas al día, desparasitación y su certificado genético con pedigree que acredita su pureza de raza."
http://dinastiabulldogfluffy.com,venta,bulldog-frances-fluffy-la-chorrera,Bulldog Francés Fluffy en La Chorrera,"Encuentra cachorros Bulldog Francés Fluffy en La Chorrera. Ejemplares puros de lujo con pelo sedoso (gen L4/L1), pedigree oficial y envíos seguros.",USD,Panamá,Aeropuerto Internacional Panamá Pacífico (BLB),"Darle la bienvenida a un Bulldog Francés Fluffy en La Chorrera es una experiencia de verdadero lujo para cualquier hogar en Panamá. Con su deslumbrante pelaje abundante y sedoso derivado de la portación del gen L4/L1 y un carácter dócil, juguetón y cariñoso, esta maravillosa raza se convierte en el compañero fiel ideal. Su excelente adaptabilidad a la convivencia en apartamento y su fácil climatización en La Chorrera aseguran su máximo confort diario. Nuestro protocolo VIP garantiza un envío coordinado y su llegada segura a través del Aeropuerto Internacional Panamá Pacífico (BLB), entregando cada ejemplar con su certificado genético de pureza de sangre, pedigree oficial y todas sus vacunas al día."
http://dinastiabulldogfluffy.com,venta,bulldog-frances-fluffy-santo-domingo,Bulldog Francés Fluffy en Santo Domingo,"Venta de cachorros Bulldog Francés Fluffy en Santo Domingo. Criadero especializado con pelaje largo (gen L4/L1), pedigree de pureza y garantía de salud.",DOP,República Dominicana,Aeropuerto Internacional Las Américas (SDQ),"Para quienes buscan la máxima distinción y ternura en Santo Domingo, República Dominicana, el Bulldog Francés Fluffy es el compañero soñado. Su singular manto de pelaje abundante y sedoso, respaldado genéticamente por la variante del gen L4/L1, combinado con su temperamento dócil, amigable y sumamente cariñoso, enamora desde el primer instante. Su extraordinaria adaptabilidad a espacios urbanos como apartamentos y a la atmósfera de Santo Domingo garantiza una convivencia llena de armonía. Organizamos un traslado de primera clase con llegada segura al Aeropuerto Internacional Las Américas (SDQ), respaldando la salud de tu mascota con esquema de vacunas al día, desparasitación completa y su certificado genético junto a su pedigree de pureza."
http://dinastiabulldogfluffy.com,venta,bulldog-frances-fluffy-santiago-rd,Bulldog Francés Fluffy en Santiago (RD),"Encuentra cachorros Bulldog Francés Fluffy en Santiago (RD). Ejemplares puros de lujo con pelo sedoso (gen L4/L1), pedigree oficial y envíos seguros.",DOP,República Dominicana,Aeropuerto Internacional del Cibao (STI),"El Bulldog Francés Fluffy ha conquistado los corazones de las familias en Santiago (RD), República Dominicana. Esta codiciada variante destaca por su pelaje abundante y sedoso, resultado de la exclusiva genética de pelo largo (gen L4/L1), así como por su carácter profundamente cariñoso, dócil y leal. Gracias a su tamaño compacto y temperamento equilibrado, posee una adaptabilidad perfecta tanto a la vida en apartamento como al clima de Santiago (RD). Cada cachorro viaja bajo estrictos protocolos de bienestar animal garantizando su llegada segura a través del Aeropuerto Internacional del Cibao (STI). Para tu absoluta tranquilidad, entregamos a tu nuevo integrante con su esquema completo de vacunas al día, desparasitación y su certificado genético con pedigree que acredita su pureza de raza."
http://dinastiabulldogfluffy.com,venta,bulldog-frances-fluffy-la-romana,Bulldog Francés Fluffy en La Romana,"Venta de cachorros Bulldog Francés Fluffy en La Romana. Criadero especializado con pelaje largo (gen L4/L1), pedigree de pureza y garantía de salud.",DOP,República Dominicana,Aeropuerto Internacional de La Romana (LRM),"Darle la bienvenida a un Bulldog Francés Fluffy en La Romana es una experiencia de verdadero lujo para cualquier hogar en República Dominicana. Con su deslumbrante pelaje abundante y sedoso derivado de la portación del gen L4/L1 y un carácter dócil, juguetón y cariñoso, esta maravillosa raza se convierte en el compañero fiel ideal. Su excelente adaptabilidad a la convivencia en apartamento y su fácil climatización en La Romana aseguran su máximo confort diario. Nuestro protocolo VIP garantiza un envío coordinado y su llegada segura a través del Aeropuerto Internacional de La Romana (LRM), entregando cada ejemplar con su certificado genético de pureza de sangre, pedigree oficial y todas sus vacunas al día."
http://dinastiabulldogfluffy.com,venta,bulldog-frances-fluffy-san-pedro-macoris,Bulldog Francés Fluffy en San Pedro de Macorís,"Encuentra cachorros Bulldog Francés Fluffy en San Pedro de Macorís. Ejemplares puros de lujo con pelo sedoso (gen L4/L1), pedigree oficial y envíos seguros.",DOP,República Dominicana,Aeropuerto Internacional Las Américas (SDQ),"Para quienes buscan la máxima distinción y ternura en San Pedro de Macorís, República Dominicana, el Bulldog Francés Fluffy es el compañero soñado. Su singular manto de pelaje abundante y sedoso, respaldado genéticamente por la variante del gen L4/L1, combinado con su temperamento dócil, amigable y sumamente cariñoso, enamora desde el primer instante. Su extraordinaria adaptabilidad a espacios urbanos como apartamentos y a la atmósfera de San Pedro de Macorís garantiza una convivencia llena de armonía. Organizamos un traslado de primera clase con llegada segura al Aeropuerto Internacional Las Américas (SDQ), respaldando la salud de tu mascota con esquema de vacunas al día, desparasitación completa y su certificado genético junto a su pedigree de pureza."
http://dinastiabulldogfluffy.com,venta,bulldog-frances-fluffy-punta-cana,Bulldog Francés Fluffy en Punta Cana,"Venta de cachorros Bulldog Francés Fluffy en Punta Cana. Criadero especializado con pelaje largo (gen L4/L1), pedigree de pureza y garantía de salud.",DOP,República Dominicana,Aeropuerto Internacional de Punta Cana (PUJ),"El Bulldog Francés Fluffy ha conquistado los corazones de las familias en Punta Cana, República Dominicana. Esta codiciada variante destaca por su pelaje abundante y sedoso, resultado de la exclusiva genética de pelo largo (gen L4/L1), así como por su carácter profundamente cariñoso, dócil y leal. Gracias a su tamaño compacto y temperamento equilibrado, posee una adaptabilidad perfecta tanto a la vida en apartamento como al clima de Punta Cana. Cada cachorro viaja bajo estrictos protocolos de bienestar animal garantizando su llegada segura a través del Aeropuerto Internacional de Punta Cana (PUJ). Para tu absoluta tranquilidad, entregamos a tu nuevo integrante con su esquema completo de vacunas al día, desparasitación y su certificado genético con pedigree que acredita su pureza de raza."
http://dinastiabulldogfluffy.com,venta,bulldog-frances-fluffy-buenos-aires,Bulldog Francés Fluffy en Buenos Aires,"Encuentra cachorros Bulldog Francés Fluffy en Buenos Aires. Ejemplares puros de lujo con pelo sedoso (gen L4/L1), pedigree oficial y envíos seguros.",ARS,Argentina,Aeropuerto Internacional Ministro Pistarini (EZE),"Darle la bienvenida a un Bulldog Francés Fluffy en Buenos Aires es una experiencia de verdadero lujo para cualquier hogar en Argentina. Con su deslumbrante pelaje abundante y sedoso derivado de la portación del gen L4/L1 y un carácter dócil, juguetón y cariñoso, esta maravillosa raza se convierte en el compañero fiel ideal. Su excelente adaptabilidad a la convivencia en apartamento y su fácil climatización en Buenos Aires aseguran su máximo confort diario. Nuestro protocolo VIP garantiza un envío coordinado y su llegada segura a través del Aeropuerto Internacional Ministro Pistarini (EZE), entregando cada ejemplar con su certificado genético de pureza de sangre, pedigree oficial y todas sus vacunas al día."
http://dinastiabulldogfluffy.com,venta,bulldog-frances-fluffy-cordoba,Bulldog Francés Fluffy en Córdoba,"Venta de cachorros Bulldog Francés Fluffy en Córdoba. Criadero especializado con pelaje largo (gen L4/L1), pedigree de pureza y garantía de salud.",ARS,Argentina,Aeropuerto Internacional Ingeniero Aeronáutico Ambrosio Taravella (COR),"Para quienes buscan la máxima distinción y ternura en Córdoba, Argentina, el Bulldog Francés Fluffy es el compañero soñado. Su singular manto de pelaje abundante y sedoso, respaldado genéticamente por la variante del gen L4/L1, combinado con su temperamento dócil, amigable y sumamente cariñoso, enamora desde el primer instante. Su extraordinaria adaptabilidad a espacios urbanos como apartamentos y a la atmósfera de Córdoba garantiza una convivencia llena de armonía. Organizamos un traslado de primera clase con llegada segura al Aeropuerto Internacional Ingeniero Aeronáutico Ambrosio Taravella (COR), respaldando la salud de tu mascota con esquema de vacunas al día, desparasitación completa y su certificado genético junto a su pedigree de pureza."
http://dinastiabulldogfluffy.com,venta,bulldog-frances-fluffy-rosario,Bulldog Francés Fluffy en Rosario,"Encuentra cachorros Bulldog Francés Fluffy en Rosario. Ejemplares puros de lujo con pelo sedoso (gen L4/L1), pedigree oficial y envíos seguros.",ARS,Argentina,Aeropuerto Internacional Rosario Islas Malvinas (ROS),"El Bulldog Francés Fluffy ha conquistado los corazones de las familias en Rosario, Argentina. Esta codiciada variante destaca por su pelaje abundante y sedoso, resultado de la exclusiva genética de pelo largo (gen L4/L1), así como por su carácter profundamente cariñoso, dócil y leal. Gracias a su tamaño compacto y temperamento equilibrado, posee una adaptabilidad perfecta tanto a la vida en apartamento como al clima de Rosario. Cada cachorro viaja bajo estrictos protocolos de bienestar animal garantizando su llegada segura a través del Aeropuerto Internacional Rosario Islas Malvinas (ROS). Para tu absoluta tranquilidad, entregamos a tu nuevo integrante con su esquema completo de vacunas al día, desparasitación y su certificado genético con pedigree que acredita su pureza de raza."
http://dinastiabulldogfluffy.com,venta,bulldog-frances-fluffy-mendoza,Bulldog Francés Fluffy en Mendoza,"Venta de cachorros Bulldog Francés Fluffy en Mendoza. Criadero especializado con pelaje largo (gen L4/L1), pedigree de pureza y garantía de salud.",ARS,Argentina,Aeropuerto Internacional El Plumerillo (MDZ),"Darle la bienvenida a un Bulldog Francés Fluffy en Mendoza es una experiencia de verdadero lujo para cualquier hogar en Argentina. Con su deslumbrante pelaje abundante y sedoso derivado de la portación del gen L4/L1 y un carácter dócil, juguetón y cariñoso, esta maravillosa raza se convierte en el compañero fiel ideal. Su excelente adaptabilidad a la convivencia en apartamento y su fácil climatización en Mendoza aseguran su máximo confort diario. Nuestro protocolo VIP garantiza un envío coordinado y su llegada segura a través del Aeropuerto Internacional El Plumerillo (MDZ), entregando cada ejemplar con su certificado genético de pureza de sangre, pedigree oficial y todas sus vacunas al día."
http://dinastiabulldogfluffy.com,venta,bulldog-frances-fluffy-la-plata,Bulldog Francés Fluffy en La Plata,"Encuentra cachorros Bulldog Francés Fluffy en La Plata. Ejemplares puros de lujo con pelo sedoso (gen L4/L1), pedigree oficial y envíos seguros.",ARS,Argentina,Aeropuerto Internacional de La Plata (LPG),"Para quienes buscan la máxima distinción y ternura en La Plata, Argentina, el Bulldog Francés Fluffy es el compañero soñado. Su singular manto de pelaje abundante y sedoso, respaldado genéticamente por la variante del gen L4/L1, combinado con su temperamento dócil, amigable y sumamente cariñoso, enamora desde el primer instante. Su extraordinaria adaptabilidad a espacios urbanos como apartamentos y a la atmósfera de La Plata garantiza una convivencia llena de armonía. Organizamos un traslado de primera clase con llegada segura al Aeropuerto Internacional de La Plata (LPG), respaldando la salud de tu mascota con esquema de vacunas al día, desparasitación completa y su certificado genético junto a su pedigree de pureza."
http://dinastiabulldogfluffy.com,venta,bulldog-frances-fluffy-la-paz,Bulldog Francés Fluffy en La Paz,"Venta de cachorros Bulldog Francés Fluffy en La Paz. Criadero especializado con pelaje largo (gen L4/L1), pedigree de pureza y garantía de salud.",BOB,Bolivia,Aeropuerto Internacional El Alto (LPB),"El Bulldog Francés Fluffy ha conquistado los corazones de las familias en La Paz, Bolivia. Esta codiciada variante destaca por su pelaje abundante y sedoso, resultado de la exclusiva genética de pelo largo (gen L4/L1), así como por su carácter profundamente cariñoso, dócil y leal. Gracias a su tamaño compacto y temperamento equilibrado, posee una adaptabilidad perfecta tanto a la vida en apartamento como al clima de La Paz. Cada cachorro viaja bajo estrictos protocolos de bienestar animal garantizando su llegada segura a través del Aeropuerto Internacional El Alto (LPB). Para tu absoluta tranquilidad, entregamos a tu nuevo integrante con su esquema completo de vacunas al día, desparasitación y su certificado genético con pedigree que acredita su pureza de raza."
http://dinastiabulldogfluffy.com,venta,bulldog-frances-fluffy-santa-cruz,Bulldog Francés Fluffy en Santa Cruz,"Encuentra cachorros Bulldog Francés Fluffy en Santa Cruz. Ejemplares puros de lujo con pelo sedoso (gen L4/L1), pedigree oficial y envíos seguros.",BOB,Bolivia,Aeropuerto Internacional Viru Viru (VVI),"Darle la bienvenida a un Bulldog Francés Fluffy en Santa Cruz es una experiencia de verdadero lujo para cualquier hogar en Bolivia. Con su deslumbrante pelaje abundante y sedoso derivado de la portación del gen L4/L1 y un carácter dócil, juguetón y cariñoso, esta maravillosa raza se convierte en el compañero fiel ideal. Su excelente adaptabilidad a la convivencia en apartamento y su fácil climatización en Santa Cruz aseguran su máximo confort diario. Nuestro protocolo VIP garantiza un envío coordinado y su llegada segura a través del Aeropuerto Internacional Viru Viru (VVI), entregando cada ejemplar con su certificado genético de pureza de sangre, pedigree oficial y todas sus vacunas al día."
http://dinastiabulldogfluffy.com,venta,bulldog-frances-fluffy-cochabamba,Bulldog Francés Fluffy en Cochabamba,"Venta de cachorros Bulldog Francés Fluffy en Cochabamba. Criadero especializado con pelaje largo (gen L4/L1), pedigree de pureza y garantía de salud.",BOB,Bolivia,Aeropuerto Internacional Jorge Wilstermann (CBB),"Para quienes buscan la máxima distinción y ternura en Cochabamba, Bolivia, el Bulldog Francés Fluffy es el compañero soñado. Su singular manto de pelaje abundante y sedoso, respaldado genéticamente por la variante del gen L4/L1, combinado con su temperamento dócil, amigable y sumamente cariñoso, enamora desde el primer instante. Su extraordinaria adaptabilidad a espacios urbanos como apartamentos y a la atmósfera de Cochabamba garantiza una convivencia llena de armonía. Organizamos un traslado de primera clase con llegada segura al Aeropuerto Internacional Jorge Wilstermann (CBB), respaldando la salud de tu mascota con esquema de vacunas al día, desparasitación completa y su certificado genético junto a su pedigree de pureza."
http://dinastiabulldogfluffy.com,venta,bulldog-frances-fluffy-sucre,Bulldog Francés Fluffy en Sucre,"Encuentra cachorros Bulldog Francés Fluffy en Sucre. Ejemplares puros de lujo con pelo sedoso (gen L4/L1), pedigree oficial y envíos seguros.",BOB,Bolivia,Aeropuerto Internacional de Alcantarí (ALC),"El Bulldog Francés Fluffy ha conquistado los corazones de las familias en Sucre, Bolivia. Esta codiciada variante destaca por su pelaje abundante y sedoso, resultado de la exclusiva genética de pelo largo (gen L4/L1), así como por su carácter profundamente cariñoso, dócil y leal. Gracias a su tamaño compacto y temperamento equilibrado, posee una adaptabilidad perfecta tanto a la vida en apartamento como al clima de Sucre. Cada cachorro viaja bajo estrictos protocolos de bienestar animal garantizando su llegada segura a través del Aeropuerto Internacional de Alcantarí (ALC). Para tu absoluta tranquilidad, entregamos a tu nuevo integrante con su esquema completo de vacunas al día, desparasitación y su certificado genético con pedigree que acredita su pureza de raza."
http://dinastiabulldogfluffy.com,venta,bulldog-frances-fluffy-el-alto,Bulldog Francés Fluffy en El Alto,"Venta de cachorros Bulldog Francés Fluffy en El Alto. Criadero especializado con pelaje largo (gen L4/L1), pedigree de pureza y garantía de salud.",BOB,Bolivia,Aeropuerto Internacional El Alto (LPB),"Darle la bienvenida a un Bulldog Francés Fluffy en El Alto es una experiencia de verdadero lujo para cualquier hogar en Bolivia. Con su deslumbrante pelaje abundante y sedoso derivado de la portación del gen L4/L1 y un carácter dócil, juguetón y cariñoso, esta maravillosa raza se convierte en el compañero fiel ideal. Su excelente adaptabilidad a la convivencia en apartamento y su fácil climatización en El Alto aseguran su máximo confort diario. Nuestro protocolo VIP garantiza un envío coordinado y su llegada segura a través del Aeropuerto Internacional El Alto (LPB), entregando cada ejemplar con su certificado genético de pureza de sangre, pedigree oficial y todas sus vacunas al día."
http://dinastiabulldogfluffy.com,venta,bulldog-frances-fluffy-sao-paulo,Bulldog Francês Fluffy en São Paulo,"Encuentra cachorros Bulldog Francés Fluffy en São Paulo. Ejemplares puros de lujo con pelo sedoso (gen L4/L1), pedigree oficial y envíos seguros.",BRL,Brasil,Aeroporto Internacional de Guarulhos (GRU),"Para quienes buscan la máxima distinción y ternura en São Paulo, Brasil, el Bulldog Francés Fluffy es el compañero soñado. Su singular manto de pelaje abundante y sedoso, respaldado genéticamente por la variante del gen L4/L1, combinado con su temperamento dócil, amigable y sumamente cariñoso, enamora desde el primer instante. Su extraordinaria adaptabilidad a espacios urbanos como apartamentos y a la atmósfera de São Paulo garantiza una convivencia llena de armonía. Organizamos un traslado de primera clase con llegada segura al Aeroporto Internacional de Guarulhos (GRU), respaldando la salud de tu mascota con esquema de vacunas al día, desparasitación completa y su certificado genético junto a su pedigree de pureza."
http://dinastiabulldogfluffy.com,venta,bulldog-frances-fluffy-rio-de-janeiro,Bulldog Francês Fluffy no Rio de Janeiro,"Venta de cachorros Bulldog Francés Fluffy en Rio de Janeiro. Criadero especializado con pelaje largo (gen L4/L1), pedigree de pureza y garantía de salud.",BRL,Brasil,Aeroporto Internacional do Galeão (GIG),"El Bulldog Francés Fluffy ha conquistado los corazones de las familias en Rio de Janeiro, Brasil. Esta codiciada variante destaca por su pelaje abundante y sedoso, resultado de la exclusiva genética de pelo largo (gen L4/L1), así como por su carácter profundamente cariñoso, dócil y leal. Gracias a su tamaño compacto y temperamento equilibrado, posee una adaptabilidad perfecta tanto a la vida en apartamento como al clima de Rio de Janeiro. Cada cachorro viaja bajo estrictos protocolos de bienestar animal garantizando su llegada segura a través del Aeroporto Internacional do Galeão (GIG). Para tu absoluta tranquilidad, entregamos a tu nuevo integrante con su esquema completo de vacunas al día, desparasitación y su certificado genético con pedigree que acredita su pureza de raza."
http://dinastiabulldogfluffy.com,venta,bulldog-frances-fluffy-brasilia,Bulldog Francês Fluffy em Brasília,"Encuentra cachorros Bulldog Francés Fluffy en Brasília. Ejemplares puros de lujo con pelo sedoso (gen L4/L1), pedigree oficial y envíos seguros.",BRL,Brasil,Aeroporto Internacional de Brasília (BSB),"Darle la bienvenida a un Bulldog Francés Fluffy en Brasília es una experiencia de verdadero lujo para cualquier hogar en Brasil. Con su deslumbrante pelaje abundante y sedoso derivado de la portación del gen L4/L1 y un carácter dócil, juguetón y cariñoso, esta maravillosa raza se convierte en el compañero fiel ideal. Su excelente adaptabilidad a la convivencia en apartamento y su fácil climatización en Brasília aseguran su máximo confort diario. Nuestro protocolo VIP garantiza un envío coordinado y su llegada segura a través del Aeroporto Internacional de Brasília (BSB), entregando cada ejemplar con su certificado genético de pureza de sangre, pedigree oficial y todas sus vacunas al día."
http://dinastiabulldogfluffy.com,venta,bulldog-frances-fluffy-salvador,Bulldog Francês Fluffy em Salvador,"Venta de cachorros Bulldog Francés Fluffy en Salvador. Criadero especializado con pelaje largo (gen L4/L1), pedigree de pureza y garantía de salud.",BRL,Brasil,Aeroporto Internacional de Salvador (SSA),"Para quienes buscan la máxima distinción y ternura en Salvador, Brasil, el Bulldog Francés Fluffy es el compañero soñado. Su singular manto de pelaje abundante y sedoso, respaldado genéticamente por la variante del gen L4/L1, combinado con su temperamento dócil, amigable y sumamente cariñoso, enamora desde el primer instante. Su extraordinaria adaptabilidad a espacios urbanos como apartamentos y a la atmósfera de Salvador garantiza una convivencia llena de armonía. Organizamos un traslado de primera clase con llegada segura al Aeroporto Internacional de Salvador (SSA), respaldando la salud de tu mascota con esquema de vacunas al día, desparasitación completa y su certificado genético junto a su pedigree de pureza."
http://dinastiabulldogfluffy.com,venta,bulldog-frances-fluffy-fortaleza,Bulldog Francês Fluffy em Fortaleza,"Encuentra cachorros Bulldog Francés Fluffy en Fortaleza. Ejemplares puros de lujo con pelo sedoso (gen L4/L1), pedigree oficial y envíos seguros.",BRL,Brasil,Aeroporto Internacional de Fortaleza (FOR),"El Bulldog Francés Fluffy ha conquistado los corazones de las familias en Fortaleza, Brasil. Esta codiciada variante destaca por su pelaje abundante y sedoso, resultado de la exclusiva genética de pelo largo (gen L4/L1), así como por su carácter profundamente cariñoso, dócil y leal. Gracias a su tamaño compacto y temperamento equilibrado, posee una adaptabilidad perfecta tanto a la vida en apartamento como al clima de Fortaleza. Cada cachorro viaja bajo estrictos protocolos de bienestar animal garantizando su llegada segura a través del Aeroporto Internacional de Fortaleza (FOR). Para tu absoluta tranquilidad, entregamos a tu nuevo integrante con su esquema completo de vacunas al día, desparasitación y su certificado genético con pedigree que acredita su pureza de raza."
http://dinastiabulldogfluffy.com,venta,bulldog-frances-fluffy-santiago,Bulldog Francés Fluffy en Santiago,"Venta de cachorros Bulldog Francés Fluffy en Santiago. Criadero especializado con pelaje largo (gen L4/L1), pedigree de pureza y garantía de salud.",CLP,Chile,Aeropuerto Internacional Arturo Merino Benítez (SCL),"Darle la bienvenida a un Bulldog Francés Fluffy en Santiago es una experiencia de verdadero lujo para cualquier hogar en Chile. Con su deslumbrante pelaje abundante y sedoso derivado de la portación del gen L4/L1 y un carácter dócil, juguetón y cariñoso, esta maravillosa raza se convierte en el compañero fiel ideal. Su excelente adaptabilidad a la convivencia en apartamento y su fácil climatización en Santiago aseguran su máximo confort diario. Nuestro protocolo VIP garantiza un envío coordinado y su llegada segura a través del Aeropuerto Internacional Arturo Merino Benítez (SCL), entregando cada ejemplar con su certificado genético de pureza de sangre, pedigree oficial y todas sus vacunas al día."
http://dinastiabulldogfluffy.com,venta,bulldog-frances-fluffy-valparaiso,Bulldog Francés Fluffy en Valparaíso,"Encuentra cachorros Bulldog Francés Fluffy en Valparaíso. Ejemplares puros de lujo con pelo sedoso (gen L4/L1), pedigree oficial y envíos seguros.",CLP,Chile,Aeropuerto Internacional Arturo Merino Benítez (SCL),"Para quienes buscan la máxima distinción y ternura en Valparaíso, Chile, el Bulldog Francés Fluffy es el compañero soñado. Su singular manto de pelaje abundante y sedoso, respaldado genéticamente por la variante del gen L4/L1, combinado con su temperamento dócil, amigable y sumamente cariñoso, enamora desde el primer instante. Su extraordinaria adaptabilidad a espacios urbanos como apartamentos y a la atmósfera de Valparaíso garantiza una convivencia llena de armonía. Organizamos un traslado de primera clase con llegada segura al Aeropuerto Internacional Arturo Merino Benítez (SCL), respaldando la salud de tu mascota con esquema de vacunas al día, desparasitación completa y su certificado genético junto a su pedigree de pureza."
http://dinastiabulldogfluffy.com,venta,bulldog-frances-fluffy-concepcion,Bulldog Francés Fluffy en Concepción,"Venta de cachorros Bulldog Francés Fluffy en Concepción. Criadero especializado con pelaje largo (gen L4/L1), pedigree de pureza y garantía de salud.",CLP,Chile,Aeropuerto Internacional Carriel Sur (CCP),"El Bulldog Francés Fluffy ha conquistado los corazones de las familias en Concepción, Chile. Esta codiciada variante destaca por su pelaje abundante y sedoso, resultado de la exclusiva genética de pelo largo (gen L4/L1), así como por su carácter profundamente cariñoso, dócil y leal. Gracias a su tamaño compacto y temperamento equilibrado, posee una adaptabilidad perfecta tanto a la vida en apartamento como al clima de Concepción. Cada cachorro viaja bajo estrictos protocolos de bienestar animal garantizando su llegada segura a través del Aeropuerto Internacional Carriel Sur (CCP). Para tu absoluta tranquilidad, entregamos a tu nuevo integrante con su esquema completo de vacunas al día, desparasitación y su certificado genético con pedigree que acredita su pureza de raza."
http://dinastiabulldogfluffy.com,venta,bulldog-frances-fluffy-la-serena,Bulldog Francés Fluffy en La Serena,"Encuentra cachorros Bulldog Francés Fluffy en La Serena. Ejemplares puros de lujo con pelo sedoso (gen L4/L1), pedigree oficial y envíos seguros.",CLP,Chile,Aeródromo La Florida (LSC),"Darle la bienvenida a un Bulldog Francés Fluffy en La Serena es una experiencia de verdadero lujo para cualquier hogar en Chile. Con su deslumbrante pelaje abundante y sedoso derivado de la portación del gen L4/L1 y un carácter dócil, juguetón y cariñoso, esta maravillosa raza se convierte en el compañero fiel ideal. Su excelente adaptabilidad a la convivencia en apartamento y su fácil climatización en La Serena aseguran su máximo confort diario. Nuestro protocolo VIP garantiza un envío coordinado y su llegada segura a través del Aeródromo La Florida (LSC), entregando cada ejemplar con su certificado genético de pureza de sangre, pedigree oficial y todas sus vacunas al día."
http://dinastiabulldogfluffy.com,venta,bulldog-frances-fluffy-antofagasta,Bulldog Francés Fluffy en Antofagasta,"Venta de cachorros Bulldog Francés Fluffy en Antofagasta. Criadero especializado con pelaje largo (gen L4/L1), pedigree de pureza y garantía de salud.",CLP,Chile,Aeropuerto Internacional Andrés Sabella (ANF),"Para quienes buscan la máxima distinción y ternura en Antofagasta, Chile, el Bulldog Francés Fluffy es el compañero soñado. Su singular manto de pelaje abundante y sedoso, respaldado genéticamente por la variante del gen L4/L1, combinado con su temperamento dócil, amigable y sumamente cariñoso, enamora desde el primer instante. Su extraordinaria adaptabilidad a espacios urbanos como apartamentos y a la atmósfera de Antofagasta garantiza una convivencia llena de armonía. Organizamos un traslado de primera clase con llegada segura al Aeropuerto Internacional Andrés Sabella (ANF), respaldando la salud de tu mascota con esquema de vacunas al día, desparasitación completa y su certificado genético junto a su pedigree de pureza."
http://dinastiabulldogfluffy.com,venta,bulldog-frances-fluffy-quito,Bulldog Francés Fluffy en Quito,"Encuentra cachorros Bulldog Francés Fluffy en Quito. Ejemplares puros de lujo con pelo sedoso (gen L4/L1), pedigree oficial y envíos seguros.",USD,Ecuador,Aeropuerto Internacional Mariscal Sucre (UIO),"El Bulldog Francés Fluffy ha conquistado los corazones de las familias en Quito, Ecuador. Esta codiciada variante destaca por su pelaje abundante y sedoso, resultado de la exclusiva genética de pelo largo (gen L4/L1), así como por su carácter profundamente cariñoso, dócil y leal. Gracias a su tamaño compacto y temperamento equilibrado, posee una adaptabilidad perfecta tanto a la vida en apartamento como al clima de Quito. Cada cachorro viaja bajo estrictos protocolos de bienestar animal garantizando su llegada segura a través del Aeropuerto Internacional Mariscal Sucre (UIO). Para tu absoluta tranquilidad, entregamos a tu nuevo integrante con su esquema completo de vacunas al día, desparasitación y su certificado genético con pedigree que acredita su pureza de raza."
http://dinastiabulldogfluffy.com,venta,bulldog-frances-fluffy-guayaquil,Bulldog Francés Fluffy en Guayaquil,"Venta de cachorros Bulldog Francés Fluffy en Guayaquil. Criadero especializado con pelaje largo (gen L4/L1), pedigree de pureza y garantía de salud.",USD,Ecuador,Aeropuerto Internacional José Joaquín de Olmedo (GYE),"Darle la bienvenida a un Bulldog Francés Fluffy en Guayaquil es una experiencia de verdadero lujo para cualquier hogar en Ecuador. Con su deslumbrante pelaje abundante y sedoso derivado de la portación del gen L4/L1 y un carácter dócil, juguetón y cariñoso, esta maravillosa raza se convierte en el compañero fiel ideal. Su excelente adaptabilidad a la convivencia en apartamento y su fácil climatización en Guayaquil aseguran su máximo confort diario. Nuestro protocolo VIP garantiza un envío coordinado y su llegada segura a través del Aeropuerto Internacional José Joaquín de Olmedo (GYE), entregando cada ejemplar con su certificado genético de pureza de sangre, pedigree oficial y todas sus vacunas al día."
http://dinastiabulldogfluffy.com,venta,bulldog-frances-fluffy-cuenca,Bulldog Francés Fluffy en Cuenca,"Encuentra cachorros Bulldog Francés Fluffy en Cuenca. Ejemplares puros de lujo con pelo sedoso (gen L4/L1), pedigree oficial y envíos seguros.",USD,Ecuador,Aeropuerto Internacional Mariscal Lamar (CUE),"Para quienes buscan la máxima distinción y ternura en Cuenca, Ecuador, el Bulldog Francés Fluffy es el compañero soñado. Su singular manto de pelaje abundante y sedoso, respaldado genéticamente por la variante del gen L4/L1, combinado con su temperamento dócil, amigable y sumamente cariñoso, enamora desde el primer instante. Su extraordinaria adaptabilidad a espacios urbanos como apartamentos y a la atmósfera de Cuenca garantiza una convivencia llena de armonía. Organizamos un traslado de primera clase con llegada segura al Aeropuerto Internacional Mariscal Lamar (CUE), respaldando la salud de tu mascota con esquema de vacunas al día, desparasitación completa y su certificado genético junto a su pedigree de pureza."
http://dinastiabulldogfluffy.com,venta,bulldog-frances-fluffy-santo-domingo-ec,Bulldog Francés Fluffy en Santo Domingo (EC),"Venta de cachorros Bulldog Francés Fluffy en Santo Domingo (EC). Criadero especializado con pelaje largo (gen L4/L1), pedigree de pureza y garantía de salud.",USD,Ecuador,Aeropuerto Regional de Santo Domingo (SDO),"El Bulldog Francés Fluffy ha conquistado los corazones de las familias en Santo Domingo (EC), Ecuador. Esta codiciada variante destaca por su pelaje abundante y sedoso, resultado de la exclusiva genética de pelo largo (gen L4/L1), así como por su carácter profundamente cariñoso, dócil y leal. Gracias a su tamaño compacto y temperamento equilibrado, posee una adaptabilidad perfecta tanto a la vida en apartamento como al clima de Santo Domingo (EC). Cada cachorro viaja bajo estrictos protocolos de bienestar animal garantizando su llegada segura a través del Aeropuerto Regional de Santo Domingo (SDO). Para tu absoluta tranquilidad, entregamos a tu nuevo integrante con su esquema completo de vacunas al día, desparasitación y su certificado genético con pedigree que acredita su pureza de raza."
http://dinastiabulldogfluffy.com,venta,bulldog-frances-fluffy-ambato,Bulldog Francés Fluffy en Ambato,"Encuentra cachorros Bulldog Francés Fluffy en Ambato. Ejemplares puros de lujo con pelo sedoso (gen L4/L1), pedigree oficial y envíos seguros.",USD,Ecuador,Aeropuerto Regional de Chachoan (ATF),"Darle la bienvenida a un Bulldog Francés Fluffy en Ambato es una experiencia de verdadero lujo para cualquier hogar en Ecuador. Con su deslumbrante pelaje abundante y sedoso derivado de la portación del gen L4/L1 y un carácter dócil, juguetón y cariñoso, esta maravillosa raza se convierte en el compañero fiel ideal. Su excelente adaptabilidad a la convivencia en apartamento y su fácil climatización en Ambato aseguran su máximo confort diario. Nuestro protocolo VIP garantiza un envío coordinado y su llegada segura a través del Aeropuerto Regional de Chachoan (ATF), entregando cada ejemplar con su certificado genético de pureza de sangre, pedigree oficial y todas sus vacunas al día."
http://dinastiabulldogfluffy.com,venta,bulldog-frances-fluffy-asuncion,Bulldog Francés Fluffy en Asunción,"Venta de cachorros Bulldog Francés Fluffy en Asunción. Criadero especializado con pelaje largo (gen L4/L1), pedigree de pureza y garantía de salud.",PYG,Paraguay,Aeropuerto Internacional Silvio Pettirossi (ASU),"Para quienes buscan la máxima distinción y ternura en Asunción, Paraguay, el Bulldog Francés Fluffy es el compañero soñado. Su singular manto de pelaje abundante y sedoso, respaldado genéticamente por la variante del gen L4/L1, combinado con su temperamento dócil, amigable y sumamente cariñoso, enamora desde el primer instante. Su extraordinaria adaptabilidad a espacios urbanos como apartamentos y a la atmósfera de Asunción garantiza una convivencia llena de armonía. Organizamos un traslado de primera clase con llegada segura al Aeropuerto Internacional Silvio Pettirossi (ASU), respaldando la salud de tu mascota con esquema de vacunas al día, desparasitación completa y su certificado genético junto a su pedigree de pureza."
http://dinastiabulldogfluffy.com,venta,bulldog-frances-fluffy-ciudad-del-este,Bulldog Francés Fluffy en Ciudad del Este,"Encuentra cachorros Bulldog Francés Fluffy en Ciudad del Este. Ejemplares puros de lujo con pelo sedoso (gen L4/L1), pedigree oficial y envíos seguros.",PYG,Paraguay,Aeropuerto Internacional Guaraní (AGT),"El Bulldog Francés Fluffy ha conquistado los corazones de las familias en Ciudad del Este, Paraguay. Esta codiciada variante destaca por su pelaje abundante y sedoso, resultado de la exclusiva genética de pelo largo (gen L4/L1), así como por su carácter profundamente cariñoso, dócil y leal. Gracias a su tamaño compacto y temperamento equilibrado, posee una adaptabilidad perfecta tanto a la vida en apartamento como al clima de Ciudad del Este. Cada cachorro viaja bajo estrictos protocolos de bienestar animal garantizando su llegada segura a través del Aeropuerto Internacional Guaraní (AGT). Para tu absoluta tranquilidad, entregamos a tu nuevo integrante con su esquema completo de vacunas al día, desparasitación y su certificado genético con pedigree que acredita su pureza de raza."
http://dinastiabulldogfluffy.com,venta,bulldog-frances-fluffy-san-lorenzo,Bulldog Francés Fluffy en San Lorenzo,"Venta de cachorros Bulldog Francés Fluffy en San Lorenzo. Criadero especializado con pelaje largo (gen L4/L1), pedigree de pureza y garantía de salud.",PYG,Paraguay,Aeropuerto Internacional Silvio Pettirossi (ASU),"Darle la bienvenida a un Bulldog Francés Fluffy en San Lorenzo es una experiencia de verdadero lujo para cualquier hogar en Paraguay. Con su deslumbrante pelaje abundante y sedoso derivado de la portación del gen L4/L1 y un carácter dócil, juguetón y cariñoso, esta maravillosa raza se convierte en el compañero fiel ideal. Su excelente adaptabilidad a la convivencia en apartamento y su fácil climatización en San Lorenzo aseguran su máximo confort diario. Nuestro protocolo VIP garantiza un envío coordinado y su llegada segura a través del Aeropuerto Internacional Silvio Pettirossi (ASU), entregando cada ejemplar con su certificado genético de pureza de sangre, pedigree oficial y todas sus vacunas al día."
http://dinastiabulldogfluffy.com,venta,bulldog-frances-fluffy-luque,Bulldog Francés Fluffy en Luque,"Encuentra cachorros Bulldog Francés Fluffy en Luque. Ejemplares puros de lujo con pelo sedoso (gen L4/L1), pedigree oficial y envíos seguros.",PYG,Paraguay,Aeropuerto Internacional Silvio Pettirossi (ASU),"Para quienes buscan la máxima distinción y ternura en Luque, Paraguay, el Bulldog Francés Fluffy es el compañero soñado. Su singular manto de pelaje abundante y sedoso, respaldado genéticamente por la variante del gen L4/L1, combinado con su temperamento dócil, amigable y sumamente cariñoso, enamora desde el primer instante. Su extraordinaria adaptabilidad a espacios urbanos como apartamentos y a la atmósfera de Luque garantiza una convivencia llena de armonía. Organizamos un traslado de primera clase con llegada segura al Aeropuerto Internacional Silvio Pettirossi (ASU), respaldando la salud de tu mascota con esquema de vacunas al día, desparasitación completa y su certificado genético junto a su pedigree de pureza."
http://dinastiabulldogfluffy.com,venta,bulldog-frances-fluffy-capiata,Bulldog Francés Fluffy en Capiatá,"Venta de cachorros Bulldog Francés Fluffy en Capiatá. Criadero especializado con pelaje largo (gen L4/L1), pedigree de pureza y garantía de salud.",PYG,Paraguay,Aeropuerto Internacional Silvio Pettirossi (ASU),"El Bulldog Francés Fluffy ha conquistado los corazones de las familias en Capiatá, Paraguay. Esta codiciada variante destaca por su pelaje abundante y sedoso, resultado de la exclusiva genética de pelo largo (gen L4/L1), así como por su carácter profundamente cariñoso, dócil y leal. Gracias a su tamaño compacto y temperamento equilibrado, posee una adaptabilidad perfecta tanto a la vida en apartamento como al clima de Capiatá. Cada cachorro viaja bajo estrictos protocolos de bienestar animal garantizando su llegada segura a través del Aeropuerto Internacional Silvio Pettirossi (ASU). Para tu absoluta tranquilidad, entregamos a tu nuevo integrante con su esquema completo de vacunas al día, desparasitación y su certificado genético con pedigree que acredita su pureza de raza."
http://dinastiabulldogfluffy.com,venta,bulldog-frances-fluffy-lima,Bulldog Francés Fluffy en Lima,"Encuentra cachorros Bulldog Francés Fluffy en Lima. Ejemplares puros de lujo con pelo sedoso (gen L4/L1), pedigree oficial y envíos seguros.",PEN,Perú,Aeropuerto Internacional Jorge Chávez (LIM),"Darle la bienvenida a un Bulldog Francés Fluffy en Lima es una experiencia de verdadero lujo para cualquier hogar en Perú. Con su deslumbrante pelaje abundante y sedoso derivado de la portación del gen L4/L1 y un carácter dócil, juguetón y cariñoso, esta maravillosa raza se convierte en el compañero fiel ideal. Su excelente adaptabilidad a la convivencia en apartamento y su fácil climatización en Lima aseguran su máximo confort diario. Nuestro protocolo VIP garantiza un envío coordinado y su llegada segura a través del Aeropuerto Internacional Jorge Chávez (LIM), entregando cada ejemplar con su certificado genético de pureza de sangre, pedigree oficial y todas sus vacunas al día."
http://dinastiabulldogfluffy.com,venta,bulldog-frances-fluffy-arequipa,Bulldog Francés Fluffy en Arequipa,"Venta de cachorros Bulldog Francés Fluffy en Arequipa. Criadero especializado con pelaje largo (gen L4/L1), pedigree de pureza y garantía de salud.",PEN,Perú,Aeropuerto Internacional Rodríguez Ballón (AQP),"Para quienes buscan la máxima distinción y ternura en Arequipa, Perú, el Bulldog Francés Fluffy es el compañero soñado. Su singular manto de pelaje abundante y sedoso, respaldado genéticamente por la variante del gen L4/L1, combinado con su temperamento dócil, amigable y sumamente cariñoso, enamora desde el primer instante. Su extraordinaria adaptabilidad a espacios urbanos como apartamentos y a la atmósfera de Arequipa garantiza una convivencia llena de armonía. Organizamos un traslado de primera clase con llegada segura al Aeropuerto Internacional Rodríguez Ballón (AQP), respaldando la salud de tu mascota con esquema de vacunas al día, desparasitación completa y su certificado genético junto a su pedigree de pureza."
http://dinastiabulldogfluffy.com,venta,bulldog-frances-fluffy-trujillo,Bulldog Francés Fluffy en Trujillo,"Encuentra cachorros Bulldog Francés Fluffy en Trujillo. Ejemplares puros de lujo con pelo sedoso (gen L4/L1), pedigree oficial y envíos seguros.",PEN,Perú,Aeropuerto Internacional Capitán FAP Carlos Martínez de Pinillos (TRU),"El Bulldog Francés Fluffy ha conquistado los corazones de las familias en Trujillo, Perú. Esta codiciada variante destaca por su pelaje abundante y sedoso, resultado de la exclusiva genética de pelo largo (gen L4/L1), así como por su carácter profundamente cariñoso, dócil y leal. Gracias a su tamaño compacto y temperamento equilibrado, posee una adaptabilidad perfecta tanto a la vida en apartamento como al clima de Trujillo. Cada cachorro viaja bajo estrictos protocolos de bienestar animal garantizando su llegada segura a través del Aeropuerto Internacional Capitán FAP Carlos Martínez de Pinillos (TRU). Para tu absoluta tranquilidad, entregamos a tu nuevo integrante con su esquema completo de vacunas al día, desparasitación y su certificado genético con pedigree que acredita su pureza de raza."
http://dinastiabulldogfluffy.com,venta,bulldog-frances-fluffy-chiclayo,Bulldog Francés Fluffy en Chiclayo,"Venta de cachorros Bulldog Francés Fluffy en Chiclayo. Criadero especializado con pelaje largo (gen L4/L1), pedigree de pureza y garantía de salud.",PEN,Perú,Aeropuerto Internacional Capitán FAP José A. Quiñones (CIX),"Darle la bienvenida a un Bulldog Francés Fluffy en Chiclayo es una experiencia de verdadero lujo para cualquier hogar en Perú. Con su deslumbrante pelaje abundante y sedoso derivado de la portación del gen L4/L1 y un carácter dócil, juguetón y cariñoso, esta maravillosa raza se convierte en el compañero fiel ideal. Su excelente adaptabilidad a la convivencia en apartamento y su fácil climatización en Chiclayo aseguran su máximo confort diario. Nuestro protocolo VIP garantiza un envío coordinado y su llegada segura a través del Aeropuerto Internacional Capitán FAP José A. Quiñones (CIX), entregando cada ejemplar con su certificado genético de pureza de sangre, pedigree oficial y todas sus vacunas al día."
http://dinastiabulldogfluffy.com,venta,bulldog-frances-fluffy-piura,Bulldog Francés Fluffy en Piura,"Encuentra cachorros Bulldog Francés Fluffy en Piura. Ejemplares puros de lujo con pelo sedoso (gen L4/L1), pedigree oficial y envíos seguros.",PEN,Perú,Aeropuerto Internacional Capitán FAP Guillermo Concha Iberico (PIU),"Para quienes buscan la máxima distinción y ternura en Piura, Perú, el Bulldog Francés Fluffy es el compañero soñado. Su singular manto de pelaje abundante y sedoso, respaldado genéticamente por la variante del gen L4/L1, combinado con su temperamento dócil, amigable y sumamente cariñoso, enamora desde el primer instante. Su extraordinaria adaptabilidad a espacios urbanos como apartamentos y a la atmósfera de Piura garantiza una convivencia llena de armonía. Organizamos un traslado de primera clase con llegada segura al Aeropuerto Internacional Capitán FAP Guillermo Concha Iberico (PIU), respaldando la salud de tu mascota con esquema de vacunas al día, desparasitación completa y su certificado genético junto a su pedigree de pureza."
http://dinastiabulldogfluffy.com,venta,bulldog-frances-fluffy-montevideo,Bulldog Francés Fluffy en Montevideo,"Venta de cachorros Bulldog Francés Fluffy en Montevideo. Criadero especializado con pelaje largo (gen L4/L1), pedigree de pureza y garantía de salud.",UYU,Uruguay,Aeropuerto Internacional de Carrasco (MVD),"El Bulldog Francés Fluffy ha conquistado los corazones de las familias en Montevideo, Uruguay. Esta codiciada variante destaca por su pelaje abundante y sedoso, resultado de la exclusiva genética de pelo largo (gen L4/L1), así como por su carácter profundamente cariñoso, dócil y leal. Gracias a su tamaño compacto y temperamento equilibrado, posee una adaptabilidad perfecta tanto a la vida en apartamento como al clima de Montevideo. Cada cachorro viaja bajo estrictos protocolos de bienestar animal garantizando su llegada segura a través del Aeropuerto Internacional de Carrasco (MVD). Para tu absoluta tranquilidad, entregamos a tu nuevo integrante con su esquema completo de vacunas al día, desparasitación y su certificado genético con pedigree que acredita su pureza de raza."
http://dinastiabulldogfluffy.com,venta,bulldog-frances-fluffy-salto,Bulldog Francés Fluffy en Salto,"Encuentra cachorros Bulldog Francés Fluffy en Salto. Ejemplares puros de lujo con pelo sedoso (gen L4/L1), pedigree oficial y envíos seguros.",UYU,Uruguay,Aeropuerto Internacional de Nueva Hespérides (STY),"Darle la bienvenida a un Bulldog Francés Fluffy en Salto es una experiencia de verdadero lujo para cualquier hogar en Uruguay. Con su deslumbrante pelaje abundante y sedoso derivado de la portación del gen L4/L1 y un carácter dócil, juguetón y cariñoso, esta maravillosa raza se convierte en el compañero fiel ideal. Su excelente adaptabilidad a la convivencia en apartamento y su fácil climatización en Salto aseguran su máximo confort diario. Nuestro protocolo VIP garantiza un envío coordinado y su llegada segura a través del Aeropuerto Internacional de Nueva Hespérides (STY), entregando cada ejemplar con su certificado genético de pureza de sangre, pedigree oficial y todas sus vacunas al día."
http://dinastiabulldogfluffy.com,venta,bulldog-frances-fluffy-ciudad-de-la-costa,Bulldog Francés Fluffy en Ciudad de la Costa,"Venta de cachorros Bulldog Francés Fluffy en Ciudad de la Costa. Criadero especializado con pelaje largo (gen L4/L1), pedigree de pureza y garantía de salud.",UYU,Uruguay,Aeropuerto Internacional de Carrasco (MVD),"Para quienes buscan la máxima distinción y ternura en Ciudad de la Costa, Uruguay, el Bulldog Francés Fluffy es el compañero soñado. Su singular manto de pelaje abundante y sedoso, respaldado genéticamente por la variante del gen L4/L1, combinado con su temperamento dócil, amigable y sumamente cariñoso, enamora desde el primer instante. Su extraordinaria adaptabilidad a espacios urbanos como apartamentos y a la atmósfera de Ciudad de la Costa garantiza una convivencia llena de armonía. Organizamos un traslado de primera clase con llegada segura al Aeropuerto Internacional de Carrasco (MVD), respaldando la salud de tu mascota con esquema de vacunas al día, desparasitación completa y su certificado genético junto a su pedigree de pureza."
http://dinastiabulldogfluffy.com,venta,bulldog-frances-fluffy-paysandu,Bulldog Francés Fluffy en Paysandú,"Encuentra cachorros Bulldog Francés Fluffy en Paysandú. Ejemplares puros de lujo con pelo sedoso (gen L4/L1), pedigree oficial y envíos seguros.",UYU,Uruguay,Aeropuerto Internacional Tydeo Larre Borges (PDU),"El Bulldog Francés Fluffy ha conquistado los corazones de las familias en Paysandú, Uruguay. Esta codiciada variante destaca por su pelaje abundante y sedoso, resultado de la exclusiva genética de pelo largo (gen L4/L1), así como por su carácter profundamente cariñoso, dócil y leal. Gracias a su tamaño compacto y temperamento equilibrado, posee una adaptabilidad perfecta tanto a la vida en apartamento como al clima de Paysandú. Cada cachorro viaja bajo estrictos protocolos de bienestar animal garantizando su llegada segura a través del Aeropuerto Internacional Tydeo Larre Borges (PDU). Para tu absoluta tranquilidad, entregamos a tu nuevo integrante con su esquema completo de vacunas al día, desparasitación y su certificado genético con pedigree que acredita su pureza de raza."
http://dinastiabulldogfluffy.com,venta,bulldog-frances-fluffy-maldonado,Bulldog Francés Fluffy en Maldonado,"Venta de cachorros Bulldog Francés Fluffy en Maldonado. Criadero especializado con pelaje largo (gen L4/L1), pedigree de pureza y garantía de salud.",UYU,Uruguay,Aeropuerto Internacional de Laguna del Sauce (PDP),"Darle la bienvenida a un Bulldog Francés Fluffy en Maldonado es una experiencia de verdadero lujo para cualquier hogar en Uruguay. Con su deslumbrante pelaje abundante y sedoso derivado de la portación del gen L4/L1 y un carácter dócil, juguetón y cariñoso, esta maravillosa raza se convierte en el compañero fiel ideal. Su excelente adaptabilidad a la convivencia en apartamento y su fácil climatización en Maldonado aseguran su máximo confort diario. Nuestro protocolo VIP garantiza un envío coordinado y su llegada segura a través del Aeropuerto Internacional de Laguna del Sauce (PDP), entregando cada ejemplar con su certificado genético de pureza de sangre, pedigree oficial y todas sus vacunas al día."
http://dinastiabulldogfluffy.com,venta,bulldog-frances-fluffy-caracas,Bulldog Francés Fluffy en Caracas,"Encuentra cachorros Bulldog Francés Fluffy en Caracas. Ejemplares puros de lujo con pelo sedoso (gen L4/L1), pedigree oficial y envíos seguros.",VES,Venezuela,Aeropuerto Internacional Simón Bolívar (CCS),"Para quienes buscan la máxima distinción y ternura en Caracas, Venezuela, el Bulldog Francés Fluffy es el compañero soñado. Su singular manto de pelaje abundante y sedoso, respaldado genéticamente por la variante del gen L4/L1, combinado con su temperamento dócil, amigable y sumamente cariñoso, enamora desde el primer instante. Su extraordinaria adaptabilidad a espacios urbanos como apartamentos y a la atmósfera de Caracas garantiza una convivencia llena de armonía. Organizamos un traslado de primera clase con llegada segura al Aeropuerto Internacional Simón Bolívar (CCS), respaldando la salud de tu mascota con esquema de vacunas al día, desparasitación completa y su certificado genético junto a su pedigree de pureza."
http://dinastiabulldogfluffy.com,venta,bulldog-frances-fluffy-maracaibo,Bulldog Francés Fluffy en Maracaibo,"Venta de cachorros Bulldog Francés Fluffy en Maracaibo. Criadero especializado con pelaje largo (gen L4/L1), pedigree de pureza y garantía de salud.",VES,Venezuela,Aeropuerto Internacional La Chinita (MAR),"El Bulldog Francés Fluffy ha conquistado los corazones de las familias en Maracaibo, Venezuela. Esta codiciada variante destaca por su pelaje abundante y sedoso, resultado de la exclusiva genética de pelo largo (gen L4/L1), así como por su carácter profundamente cariñoso, dócil y leal. Gracias a su tamaño compacto y temperamento equilibrado, posee una adaptabilidad perfecta tanto a la vida en apartamento como al clima de Maracaibo. Cada cachorro viaja bajo estrictos protocolos de bienestar animal garantizando su llegada segura a través del Aeropuerto Internacional La Chinita (MAR). Para tu absoluta tranquilidad, entregamos a tu nuevo integrante con su esquema completo de vacunas al día, desparasitación y su certificado genético con pedigree que acredita su pureza de raza."
http://dinastiabulldogfluffy.com,venta,bulldog-frances-fluffy-valencia,Bulldog Francés Fluffy en Valencia,"Encuentra cachorros Bulldog Francés Fluffy en Valencia. Ejemplares puros de lujo con pelo sedoso (gen L4/L1), pedigree oficial y envíos seguros.",VES,Venezuela,Aeropuerto Internacional Arturo Michelena (VLN),"Darle la bienvenida a un Bulldog Francés Fluffy en Valencia es una experiencia de verdadero lujo para cualquier hogar en Venezuela. Con su deslumbrante pelaje abundante y sedoso derivado de la portación del gen L4/L1 y un carácter dócil, juguetón y cariñoso, esta maravillosa raza se convierte en el compañero fiel ideal. Su excelente adaptabilidad a la convivencia en apartamento y su fácil climatización en Valencia aseguran su máximo confort diario. Nuestro protocolo VIP garantiza un envío coordinado y su llegada segura a través del Aeropuerto Internacional Arturo Michelena (VLN), entregando cada ejemplar con su certificado genético de pureza de sangre, pedigree oficial y todas sus vacunas al día."
http://dinastiabulldogfluffy.com,venta,bulldog-frances-fluffy-barquisimeto,Bulldog Francés Fluffy en Barquisimeto,"Venta de cachorros Bulldog Francés Fluffy en Barquisimeto. Criadero especializado con pelaje largo (gen L4/L1), pedigree de pureza y garantía de salud.",VES,Venezuela,Aeropuerto Internacional Jacinto Lara (BRM),"Para quienes buscan la máxima distinción y ternura en Barquisimeto, Venezuela, el Bulldog Francés Fluffy es el compañero soñado. Su singular manto de pelaje abundante y sedoso, respaldado genéticamente por la variante del gen L4/L1, combinado con su temperamento dócil, amigable y sumamente cariñoso, enamora desde el primer instante. Su extraordinaria adaptabilidad a espacios urbanos como apartamentos y a la atmósfera de Barquisimeto garantiza una convivencia llena de armonía. Organizamos un traslado de primera clase con llegada segura al Aeropuerto Internacional Jacinto Lara (BRM), respaldando la salud de tu mascota con esquema de vacunas al día, desparasitación completa y su certificado genético junto a su pedigree de pureza."
http://dinastiabulldogfluffy.com,venta,bulldog-frances-fluffy-maracay,Bulldog Francés Fluffy en Maracay,"Encuentra cachorros Bulldog Francés Fluffy en Maracay. Ejemplares puros de lujo con pelo sedoso (gen L4/L1), pedigree oficial y envíos seguros.",VES,Venezuela,Aeropuerto Los Tacariguas (MYC),"El Bulldog Francés Fluffy ha conquistado los corazones de las familias en Maracay, Venezuela. Esta codiciada variante destaca por su pelaje abundante y sedoso, resultado de la exclusiva genética de pelo largo (gen L4/L1), así como por su carácter profundamente cariñoso, dócil y leal. Gracias a su tamaño compacto y temperamento equilibrado, posee una adaptabilidad perfecta tanto a la vida en apartamento como al clima de Maracay. Cada cachorro viaja bajo estrictos protocolos de bienestar animal garantizando su llegada segura a través del Aeropuerto Los Tacariguas (MYC). Para tu absoluta tranquilidad, entregamos a tu nuevo integrante con su esquema completo de vacunas al día, desparasitación y su certificado genético con pedigree que acredita su pureza de raza."
